record_key,programa,anio,mes_num,mes,zona,territorio,tipo_operacion,source_sheet,source_heading_row,source_month_col,mujeres_activas,mujeres_actividades,mujeres_comercializacion,mujeres_comercializacion_no_inscritas,mujeres_inscritas_total,mujeres_nuevas_inscritas,materiales_lideresas_qq,materiales_municipalidad_qq,total_materiales_qq,ingreso_bruto_lideresas,gasto_transporte,pago_coop_lideresas,ingreso_neto_lideresas,ingreso_bruto_municipalidad,pago_coop_municipalidad,ingreso_neto_municipalidad,ingreso_bruto_total,ingreso_neto_total_territorio,ingreso_neto_cooperativa,horas_trabajadas_lideresas,ingreso_diario_lideresa,pet_qq,vidrio_cerveza_gronn_unid,vidrio_vino_gronn_unid,vidrio_cerveza_surusic_unid,vidrio_vino_surusic_unid,vidrio_peso_qq,vidrio_total_qq,ingreso_pet,ingreso_vidrio_peso,ingreso_vidrio_gronn,ingreso_vidrio_surusic,has_any_data
ATITLAN_RECICLA|2026|01|Santiago Atitlán,Cooperativa Atitlán Recicla,2026,1,ENE,Zona Sur,Santiago Atitlán,mujeres_y_muni,Datos_Impacto,7,G,9,9,8,0,11,0,156.5,0,156.5,3774.25,480,72,3702.25,0,0,0,3774.25,3702.25,72,395,92.55625,3.5,0,0,0,0,140,140,140,2490,0,0,True
ATITLAN_RECICLA|2026|02|Santiago Atitlán,Cooperativa Atitlán Recicla,2026,2,FEB,Zona Sur,Santiago Atitlán,mujeres_y_muni,Datos_Impacto,7,H,7,7,7,0,11,0,198.45,0,198.45,4350.75,395,60,4290.75,0,0,0,4350.75,4290.75,60,410,122.59285714285713,4.15,0,0,0,0,177,177,163,3156,0,0,True
ATITLAN_RECICLA|2026|03|Santiago Atitlán,Cooperativa Atitlán Recicla,2026,3,MAR,Zona Sur,Santiago Atitlán,mujeres_y_muni,Datos_Impacto,7,I,,,,,,,,,0,,,,0,0,0,0,0,0,0,,,,,,,,,0,,,,,True
ATITLAN_RECICLA|2026|04|Santiago Atitlán,Cooperativa Atitlán Recicla,2026,4,ABR,Zona Sur,Santiago Atitlán,mujeres_y_muni,Datos_Impacto,7,J,,,,,,,,,0,,,,0,0,0,0,0,0,0,,,,,,,,,0,,,,,True
ATITLAN_RECICLA|2026|05|Santiago Atitlán,Cooperativa Atitlán Recicla,2026,5,MAY,Zona Sur,Santiago Atitlán,mujeres_y_muni,Datos_Impacto,7,K,,,,,,,,,0,,,,0,0,0,0,0,0,0,,,,,,,,,0,,,,,True
ATITLAN_RECICLA|2026|06|Santiago Atitlán,Cooperativa Atitlán Recicla,2026,6,JUN,Zona Sur,Santiago Atitlán,mujeres_y_muni,Datos_Impacto,7,L,,,,,,,,,0,,,,0,0,0,0,0,0,0,,,,,,,,,0,,,,,True
ATITLAN_RECICLA|2026|07|Santiago Atitlán,Cooperativa Atitlán Recicla,2026,7,JUL,Zona Sur,Santiago Atitlán,mujeres_y_muni,Datos_Impacto,7,N,,,,,,,,0,0,,,,0,0,0,0,0,0,0,,,,,,,,,0,,,,,True
ATITLAN_RECICLA|2026|08|Santiago Atitlán,Cooperativa Atitlán Recicla,2026,8,AGO,Zona Sur,Santiago Atitlán,mujeres_y_muni,Datos_Impacto,7,O,,,,,,,,0,0,,,,0,0,0,0,0,0,0,,,,,,,,,0,,,,,True
ATITLAN_RECICLA|2026|09|Santiago Atitlán,Cooperativa Atitlán Recicla,2026,9,SEP,Zona Sur,Santiago Atitlán,mujeres_y_muni,Datos_Impacto,7,P,,,,,,,,,0,,,,0,0,0,0,0,0,0,,,,,,,,,0,,,,,True
ATITLAN_RECICLA|2026|10|Santiago Atitlán,Cooperativa Atitlán Recicla,2026,10,OCT,Zona Sur,Santiago Atitlán,mujeres_y_muni,Datos_Impacto,7,Q,,,,,,,,0,0,,,,0,0,0,0,0,0,0,,,,,,,,,0,,,,,True
ATITLAN_RECICLA|2026|11|Santiago Atitlán,Cooperativa Atitlán Recicla,2026,11,NOV,Zona Sur,Santiago Atitlán,mujeres_y_muni,Datos_Impacto,7,R,,,,,,,,,0,,,,0,0,0,0,0,0,0,,,,,,,,,0,,,,,True
ATITLAN_RECICLA|2026|01|San Lucas Tolimán,Cooperativa Atitlán Recicla,2026,1,ENE,Zona Sur,San Lucas Tolimán,mujeres_y_muni,Datos_Impacto,41,G,7,7,7,2,6,0,259.53,0,259.53,6903.5,425,146.4,6757.1,0,0,0,6903.5,6757.1,146.4,435,150.15777777777777,40.35,0,0,0,0,138,138,1859.5,2379,0,0,True
ATITLAN_RECICLA|2026|02|San Lucas Tolimán,Cooperativa Atitlán Recicla,2026,2,FEB,Zona Sur,San Lucas Tolimán,mujeres_y_muni,Datos_Impacto,41,H,6,6,5,1,6,0,214,0,214,5555,485,88.75,5466.25,0,0,0,5555,5466.25,88.75,465,182.20833333333331,34.25,0,0,0,0,137,137,1540,2285,0,0,True
ATITLAN_RECICLA|2026|03|San Lucas Tolimán,Cooperativa Atitlán Recicla,2026,3,MAR,Zona Sur,San Lucas Tolimán,mujeres_y_muni,Datos_Impacto,41,I,,,,,,,,,0,,,,0,0,0,0,0,0,0,,,,,,,,,0,,,,,True
ATITLAN_RECICLA|2026|04|San Lucas Tolimán,Cooperativa Atitlán Recicla,2026,4,ABR,Zona Sur,San Lucas Tolimán,mujeres_y_muni,Datos_Impacto,41,J,,,,,,,,,0,,,,0,0,0,0,0,0,0,,,,,,,,,0,,,,,True
ATITLAN_RECICLA|2026|05|San Lucas Tolimán,Cooperativa Atitlán Recicla,2026,5,MAY,Zona Sur,San Lucas Tolimán,mujeres_y_muni,Datos_Impacto,41,K,,,,,,,,,0,,,,0,0,0,0,0,0,0,,,,,,,,,0,,,,,True
ATITLAN_RECICLA|2026|06|San Lucas Tolimán,Cooperativa Atitlán Recicla,2026,6,JUN,Zona Sur,San Lucas Tolimán,mujeres_y_muni,Datos_Impacto,41,L,,,,,,,,,0,,,,0,0,0,0,0,0,0,,,,,,,,,0,,,,,True
ATITLAN_RECICLA|2026|07|San Lucas Tolimán,Cooperativa Atitlán Recicla,2026,7,JUL,Zona Sur,San Lucas Tolimán,mujeres_y_muni,Datos_Impacto,41,N,,,,,,,,,0,,,,0,0,0,0,0,0,0,,,,,,,,,0,,,,,True
ATITLAN_RECICLA|2026|08|San Lucas Tolimán,Cooperativa Atitlán Recicla,2026,8,AGO,Zona Sur,San Lucas Tolimán,mujeres_y_muni,Datos_Impacto,41,O,,,,,,,,,0,,,,0,0,0,0,0,0,0,,,,,,,,,0,,,,,True
ATITLAN_RECICLA|2026|09|San Lucas Tolimán,Cooperativa Atitlán Recicla,2026,9,SEP,Zona Sur,San Lucas Tolimán,mujeres_y_muni,Datos_Impacto,41,P,,,,,,,,,0,,,,0,0,0,0,0,0,0,,,,,,,,,0,,,,,True
ATITLAN_RECICLA|2026|10|San Lucas Tolimán,Cooperativa Atitlán Recicla,2026,10,OCT,Zona Sur,San Lucas Tolimán,mujeres_y_muni,Datos_Impacto,41,Q,,,,,,,,,0,,,,0,0,0,0,0,0,0,,,,,,,,,0,,,,,True
ATITLAN_RECICLA|2026|11|San Lucas Tolimán,Cooperativa Atitlán Recicla,2026,11,NOV,Zona Sur,San Lucas Tolimán,mujeres_y_muni,Datos_Impacto,41,R,,,,,,,,,0,,,,0,0,0,0,0,0,0,,,,,,,,,0,,,,,True
ATITLAN_RECICLA|2026|01|Jaibalito,Cooperativa Atitlán Recicla,2026,1,ENE,Las Lagunas,Jaibalito,mujeres,Datos_Impacto,75,G,2,2,2,0,3,0,17.81,0,17.81,363.25,0,0,363.25,0,0,0,363.25,363.25,0,31.7,36.325,1.26,0,0,0,0,4.95,4.95,43.65,92.1,0,0,True
ATITLAN_RECICLA|2026|02|Jaibalito,Cooperativa Atitlán Recicla,2026,2,FEB,Las Lagunas,Jaibalito,mujeres,Datos_Impacto,75,H,2,2,2,0,3,0,18.19,0,18.19,356.8,0,0,356.8,0,0,0,356.8,356.8,0,35.8,35.68,0.73,0,0,0,0,7.3,7.3,27.4,137.8,0,0,True
ATITLAN_RECICLA|2026|03|Jaibalito,Cooperativa Atitlán Recicla,2026,3,MAR,Las Lagunas,Jaibalito,mujeres,Datos_Impacto,75,I,,,,,,,,,0,,,,0,,,0,0,0,0,,,,,,,,,0,,,,,True
ATITLAN_RECICLA|2026|04|Jaibalito,Cooperativa Atitlán Recicla,2026,4,ABR,Las Lagunas,Jaibalito,mujeres,Datos_Impacto,75,J,,,,,,,,,0,,,,0,,,0,0,0,0,,,,,,,,,0,,,,,True
ATITLAN_RECICLA|2026|05|Jaibalito,Cooperativa Atitlán Recicla,2026,5,MAY,Las Lagunas,Jaibalito,mujeres,Datos_Impacto,75,K,,,,,,,,,0,,,,0,,,0,0,0,0,,,,,,,,,0,,,,,True
ATITLAN_RECICLA|2026|06|Jaibalito,Cooperativa Atitlán Recicla,2026,6,JUN,Las Lagunas,Jaibalito,mujeres,Datos_Impacto,75,L,,,,,,,,,0,,,,0,,,0,0,0,0,,,,,,,,,0,,,,,True
ATITLAN_RECICLA|2026|07|Jaibalito,Cooperativa Atitlán Recicla,2026,7,JUL,Las Lagunas,Jaibalito,mujeres,Datos_Impacto,75,N,,,,,,,,,0,,,,0,,,0,0,0,0,,,,,,,,,0,,,,0,True
ATITLAN_RECICLA|2026|08|Jaibalito,Cooperativa Atitlán Recicla,2026,8,AGO,Las Lagunas,Jaibalito,mujeres,Datos_Impacto,75,O,,,,,,,,,0,,,,0,,,0,0,0,0,,,,,,,,,0,,,,0,True
ATITLAN_RECICLA|2026|09|Jaibalito,Cooperativa Atitlán Recicla,2026,9,SEP,Las Lagunas,Jaibalito,mujeres,Datos_Impacto,75,P,,,,,,,,,0,,,,0,,,0,0,0,0,,,,,,,,,0,,,,0,True
ATITLAN_RECICLA|2026|10|Jaibalito,Cooperativa Atitlán Recicla,2026,10,OCT,Las Lagunas,Jaibalito,mujeres,Datos_Impacto,75,Q,,,,,,,,,0,,,,0,,,0,0,0,0,,,,,,,,,0,,,,,True
ATITLAN_RECICLA|2026|11|Jaibalito,Cooperativa Atitlán Recicla,2026,11,NOV,Las Lagunas,Jaibalito,mujeres,Datos_Impacto,75,R,,,,,,,,,0,,,,0,,,0,0,0,0,,,,,,,,,0,,,,,True
ATITLAN_RECICLA|2026|01|San Juan La Laguna,Cooperativa Atitlán Recicla,2026,1,ENE,Las Lagunas,San Juan La Laguna,mujeres,Datos_Impacto,109,G,3,3,2,0,5,0,78.46,0,78.46,1455.12,0,0,1455.12,0,0,0,1455.12,1455.12,0,101.3,145.512,0.56,0,0,0,0,48.98,48.98,22.4,1018.07,0,0,True
ATITLAN_RECICLA|2026|02|San Juan La Laguna,Cooperativa Atitlán Recicla,2026,2,FEB,Las Lagunas,San Juan La Laguna,mujeres,Datos_Impacto,109,H,3,3,3,0,5,0,79.79,0,79.79,1552.93,0,0,1552.93,0,0,0,1552.93,1552.93,0,90,103.52866666666667,2.4,0,0,0,0,66.26,66.26,79,1287.3,0,0,True
ATITLAN_RECICLA|2026|03|San Juan La Laguna,Cooperativa Atitlán Recicla,2026,3,MAR,Las Lagunas,San Juan La Laguna,mujeres,Datos_Impacto,109,I,,,,,,,,,0,,,,0,0,0,0,0,0,0,,,,,,,,,0,,,,,True
ATITLAN_RECICLA|2026|04|San Juan La Laguna,Cooperativa Atitlán Recicla,2026,4,ABR,Las Lagunas,San Juan La Laguna,mujeres,Datos_Impacto,109,J,,,,,,,,,0,,,,0,0,0,0,0,0,0,,,,,,,,,0,,,,,True
ATITLAN_RECICLA|2026|05|San Juan La Laguna,Cooperativa Atitlán Recicla,2026,5,MAY,Las Lagunas,San Juan La Laguna,mujeres,Datos_Impacto,109,K,,,,,,,,,0,,,,0,0,0,0,0,0,0,,,,,,,,,0,,,,,True
ATITLAN_RECICLA|2026|06|San Juan La Laguna,Cooperativa Atitlán Recicla,2026,6,JUN,Las Lagunas,San Juan La Laguna,mujeres,Datos_Impacto,109,L,,,,,,,,,0,,,,0,0,0,0,0,0,0,,,,,,,,,0,,,,,True
ATITLAN_RECICLA|2026|07|San Juan La Laguna,Cooperativa Atitlán Recicla,2026,7,JUL,Las Lagunas,San Juan La Laguna,mujeres,Datos_Impacto,109,N,,,,,,,,,0,,,,0,0,0,0,0,0,0,,,,,,,,,0,,,,0,True
ATITLAN_RECICLA|2026|08|San Juan La Laguna,Cooperativa Atitlán Recicla,2026,8,AGO,Las Lagunas,San Juan La Laguna,mujeres,Datos_Impacto,109,O,,,,,,,,,0,,,,0,0,0,0,0,0,0,,,,,,,,,0,,,,0,True
ATITLAN_RECICLA|2026|09|San Juan La Laguna,Cooperativa Atitlán Recicla,2026,9,SEP,Las Lagunas,San Juan La Laguna,mujeres,Datos_Impacto,109,P,,,,,,,,,0,,,,0,0,0,0,0,0,0,,,,,,,,,0,,,,0,True
ATITLAN_RECICLA|2026|10|San Juan La Laguna,Cooperativa Atitlán Recicla,2026,10,OCT,Las Lagunas,San Juan La Laguna,mujeres,Datos_Impacto,109,Q,,,,,,,,,0,,,,0,0,0,0,0,0,0,,,,,,,,,0,,,,0,True
ATITLAN_RECICLA|2026|11|San Juan La Laguna,Cooperativa Atitlán Recicla,2026,11,NOV,Las Lagunas,San Juan La Laguna,mujeres,Datos_Impacto,109,R,,,,,,,,,0,,,,0,0,0,0,0,0,0,,,,,,,,,0,,,,,True
ATITLAN_RECICLA|2026|01|Santa Cruz La Laguna,Cooperativa Atitlán Recicla,2026,1,ENE,Las Lagunas,Santa Cruz La Laguna,mujeres,Datos_Impacto,143,G,3,3,3,0,5,0,37.3,0,37.3,636.21,0,0,636.21,0,0,0,636.21,636.21,0,125.1,42.414,1.02,0,0,0,0,30.62,30.62,33.6,536.96,0,0,True
ATITLAN_RECICLA|2026|02|Santa Cruz La Laguna,Cooperativa Atitlán Recicla,2026,2,FEB,Las Lagunas,Santa Cruz La Laguna,mujeres,Datos_Impacto,143,H,3,3,3,0,5,0,44.62,0,44.62,1028.86,0,0,1028.86,0,0,0,1028.86,1028.86,0,126.9,68.59066666666666,1.6,0,0,0,0,37.45,37.45,50.35,698.26,0,0,True
ATITLAN_RECICLA|2026|03|Santa Cruz La Laguna,Cooperativa Atitlán Recicla,2026,3,MAR,Las Lagunas,Santa Cruz La Laguna,mujeres,Datos_Impacto,143,I,,,,,,,,,0,,,,0,0,0,0,0,0,0,,,,,,,,,0,,,,0,True
ATITLAN_RECICLA|2026|04|Santa Cruz La Laguna,Cooperativa Atitlán Recicla,2026,4,ABR,Las Lagunas,Santa Cruz La Laguna,mujeres,Datos_Impacto,143,J,,,,,,,,,0,,,,0,0,0,0,0,0,0,,,,,,,,,0,,,,0,True
ATITLAN_RECICLA|2026|05|Santa Cruz La Laguna,Cooperativa Atitlán Recicla,2026,5,MAY,Las Lagunas,Santa Cruz La Laguna,mujeres,Datos_Impacto,143,K,,,,,,,,,0,,,,0,0,0,0,0,0,0,,,,,,,,,0,,,,0,True
ATITLAN_RECICLA|2026|06|Santa Cruz La Laguna,Cooperativa Atitlán Recicla,2026,6,JUN,Las Lagunas,Santa Cruz La Laguna,mujeres,Datos_Impacto,143,L,,,,,,,,,0,,,,0,0,0,0,0,0,0,,,,,,,,,0,,,,0,True
ATITLAN_RECICLA|2026|07|Santa Cruz La Laguna,Cooperativa Atitlán Recicla,2026,7,JUL,Las Lagunas,Santa Cruz La Laguna,mujeres,Datos_Impacto,143,N,,,,,,,,,0,,,,0,0,0,0,0,0,0,,,,,,,,,0,,,,0,True
ATITLAN_RECICLA|2026|08|Santa Cruz La Laguna,Cooperativa Atitlán Recicla,2026,8,AGO,Las Lagunas,Santa Cruz La Laguna,mujeres,Datos_Impacto,143,O,,,,,,,,,0,,,,0,0,0,0,0,0,0,,,,,,,,,0,,,,0,True
ATITLAN_RECICLA|2026|09|Santa Cruz La Laguna,Cooperativa Atitlán Recicla,2026,9,SEP,Las Lagunas,Santa Cruz La Laguna,mujeres,Datos_Impacto,143,P,,,,,,,,,0,,,,0,0,0,0,0,0,0,,,,,,,,,0,,,,0,True
ATITLAN_RECICLA|2026|10|Santa Cruz La Laguna,Cooperativa Atitlán Recicla,2026,10,OCT,Las Lagunas,Santa Cruz La Laguna,mujeres,Datos_Impacto,143,Q,,,,,,,,,0,,,,0,0,0,0,0,0,0,,,,,,,,,0,,,,0,True
ATITLAN_RECICLA|2026|11|Santa Cruz La Laguna,Cooperativa Atitlán Recicla,2026,11,NOV,Las Lagunas,Santa Cruz La Laguna,mujeres,Datos_Impacto,143,R,,,,,,,,,0,,,,0,0,0,0,0,0,0,,,,,,,,,0,,,,,True
ATITLAN_RECICLA|2026|01|Tzununá,Cooperativa Atitlán Recicla,2026,1,ENE,Las Lagunas,Tzununá,mujeres,Datos_Impacto,177,G,4,4,4,0,5,0,84.49,0,84.49,2271.04,0,367.8,1903.24,0,0,0,2271.04,1903.24,367.8,150.3,95.162,5.64,454,176,0,0,55.52,59.550000000000004,222.5,1159.19,283.5,0,True
ATITLAN_RECICLA|2026|02|Tzununá,Cooperativa Atitlán Recicla,2026,2,FEB,Las Lagunas,Tzununá,mujeres,Datos_Impacto,177,H,4,4,4,0,5,0,59.85,0,59.85,1054.91,0,0,1054.91,0,0,0,1054.91,1054.91,0,98,52.74550000000001,1.18,0,0,0,0,47.94,47.94,39.45,921.7,0,0,True
ATITLAN_RECICLA|2026|03|Tzununá,Cooperativa Atitlán Recicla,2026,3,MAR,Las Lagunas,Tzununá,mujeres,Datos_Impacto,177,I,,,,,,,,0,0,,,,0,0,0,0,0,0,0,,,,,,,,,0,,,,,True
ATITLAN_RECICLA|2026|04|Tzununá,Cooperativa Atitlán Recicla,2026,4,ABR,Las Lagunas,Tzununá,mujeres,Datos_Impacto,177,J,,,,,,,,0,0,,,,0,0,0,0,0,0,0,,,,,,,,,0,,,,,True
ATITLAN_RECICLA|2026|05|Tzununá,Cooperativa Atitlán Recicla,2026,5,MAY,Las Lagunas,Tzununá,mujeres,Datos_Impacto,177,K,,,,,,,,0,0,,,,0,0,0,0,0,0,0,,,,,,,,,0,,,,,True
ATITLAN_RECICLA|2026|06|Tzununá,Cooperativa Atitlán Recicla,2026,6,JUN,Las Lagunas,Tzununá,mujeres,Datos_Impacto,177,L,,,,,,,,0,0,,,,0,0,0,0,0,0,0,,,,,,,,,0,,,,,True
ATITLAN_RECICLA|2026|07|Tzununá,Cooperativa Atitlán Recicla,2026,7,JUL,Las Lagunas,Tzununá,mujeres,Datos_Impacto,177,N,,,,,,,,,0,,,,0,0,0,0,0,0,0,,,,,,,,,0,,,,,True
ATITLAN_RECICLA|2026|08|Tzununá,Cooperativa Atitlán Recicla,2026,8,AGO,Las Lagunas,Tzununá,mujeres,Datos_Impacto,177,O,,,,,,,,,0,,,,0,0,0,0,0,0,0,,,,,,,,,0,,,,,True
ATITLAN_RECICLA|2026|09|Tzununá,Cooperativa Atitlán Recicla,2026,9,SEP,Las Lagunas,Tzununá,mujeres,Datos_Impacto,177,P,,,,,,,,,0,,,,0,0,0,0,0,0,0,,,,,,,,,0,,,,,True
ATITLAN_RECICLA|2026|10|Tzununá,Cooperativa Atitlán Recicla,2026,10,OCT,Las Lagunas,Tzununá,mujeres,Datos_Impacto,177,Q,,,,,,,,,0,,,,0,0,0,0,0,0,0,,,,,,,,,0,,,,,True
ATITLAN_RECICLA|2026|11|Tzununá,Cooperativa Atitlán Recicla,2026,11,NOV,Las Lagunas,Tzununá,mujeres,Datos_Impacto,177,R,,,,,,,,,0,,,,0,0,0,0,0,0,0,,,,,,,,,0,,,,,True
ATITLAN_RECICLA|2026|01|San Marcos La Laguna,Cooperativa Atitlán Recicla,2026,1,ENE,Las Lagunas,San Marcos La Laguna,muni,Datos_Impacto,211,G,0,0,0,0,0,0,0,40.11,40.11,0,0,0,0,897.55,224,673.55,897.55,673.55,224,0,,8.31,0,0,0,0,22.9,22.9,175.4,363.9,0,0,True
ATITLAN_RECICLA|2026|02|San Marcos La Laguna,Cooperativa Atitlán Recicla,2026,2,FEB,Las Lagunas,San Marcos La Laguna,muni,Datos_Impacto,211,H,0,0,0,0,0,0,0,97.66,97.66,0,0,0,0,1652.09,303.16,1348.9299999999998,1652.09,1348.9299999999998,303.16,0,,6.3,0,0,0,0,62.02,62.02,150.9,934.84,0,0,True
ATITLAN_RECICLA|2026|03|San Marcos La Laguna,Cooperativa Atitlán Recicla,2026,3,MAR,Las Lagunas,San Marcos La Laguna,muni,Datos_Impacto,211,I,,,,,,,,,0,0,,,0,,,0,0,0,0,,,,,,,,,0,,,,0,True
ATITLAN_RECICLA|2026|04|San Marcos La Laguna,Cooperativa Atitlán Recicla,2026,4,ABR,Las Lagunas,San Marcos La Laguna,muni,Datos_Impacto,211,J,,,,,,,,,0,0,,,0,,,0,0,0,0,,,,,,,,,0,,,,0,True
ATITLAN_RECICLA|2026|05|San Marcos La Laguna,Cooperativa Atitlán Recicla,2026,5,MAY,Las Lagunas,San Marcos La Laguna,muni,Datos_Impacto,211,K,,,,,,,,,0,0,,,0,,,0,0,0,0,,,,,,,,,0,,,,0,True
ATITLAN_RECICLA|2026|06|San Marcos La Laguna,Cooperativa Atitlán Recicla,2026,6,JUN,Las Lagunas,San Marcos La Laguna,muni,Datos_Impacto,211,L,,,,,,,,,0,0,,,0,,,0,0,0,0,,,,,,,,,0,,,,0,True
ATITLAN_RECICLA|2026|07|San Marcos La Laguna,Cooperativa Atitlán Recicla,2026,7,JUL,Las Lagunas,San Marcos La Laguna,muni,Datos_Impacto,211,N,,,,,,,,,0,0,0,0,0,,,0,0,0,0,,,,,,,,,0,,,,0,True
ATITLAN_RECICLA|2026|08|San Marcos La Laguna,Cooperativa Atitlán Recicla,2026,8,AGO,Las Lagunas,San Marcos La Laguna,muni,Datos_Impacto,211,O,,,,,,,,,0,0,0,0,0,,,0,0,0,0,,,,,,,,,0,,,,0,True
ATITLAN_RECICLA|2026|09|San Marcos La Laguna,Cooperativa Atitlán Recicla,2026,9,SEP,Las Lagunas,San Marcos La Laguna,muni,Datos_Impacto,211,P,,,,,,,,,0,0,0,,0,,,0,0,0,0,,,,,,,,,0,,,,0,True
ATITLAN_RECICLA|2026|10|San Marcos La Laguna,Cooperativa Atitlán Recicla,2026,10,OCT,Las Lagunas,San Marcos La Laguna,muni,Datos_Impacto,211,Q,,,,,,,,,0,0,0,0,0,,,0,0,0,0,,,,,,,,,0,,,,0,True
ATITLAN_RECICLA|2026|11|San Marcos La Laguna,Cooperativa Atitlán Recicla,2026,11,NOV,Las Lagunas,San Marcos La Laguna,muni,Datos_Impacto,211,R,,,,,,,,,0,,,,0,,,0,0,0,0,,,,,,,,,0,,,,,True
ATITLAN_RECICLA|2026|01|San Antonio Palopó,Cooperativa Atitlán Recicla,2026,1,ENE,Kaqchiquel,San Antonio Palopó,mujeres,Datos_Impacto,245,G,4,4,0,0,4,0,0,0,0,0,0,0,0,0,0,0,0,0,0,0,,0,0,0,0,0,0,0,0,0,0,0,True
ATITLAN_RECICLA|2026|02|San Antonio Palopó,Cooperativa Atitlán Recicla,2026,2,FEB,Kaqchiquel,San Antonio Palopó,mujeres,Datos_Impacto,245,H,4,4,0,0,4,0,0,0,0,0,0,0,0,0,0,0,0,0,0,0,,0,0,0,0,0,0,0,0,0,0,0,True
ATITLAN_RECICLA|2026|03|San Antonio Palopó,Cooperativa Atitlán Recicla,2026,3,MAR,Kaqchiquel,San Antonio Palopó,mujeres,Datos_Impacto,245,I,,,,,,,,,0,,,,0,0,0,0,0,0,0,,,,,,,,,0,,,,,True
ATITLAN_RECICLA|2026|04|San Antonio Palopó,Cooperativa Atitlán Recicla,2026,4,ABR,Kaqchiquel,San Antonio Palopó,mujeres,Datos_Impacto,245,J,,,,,,,,,0,,,,0,0,0,0,0,0,0,,,,,,,,,0,,,,,True
ATITLAN_RECICLA|2026|05|San Antonio Palopó,Cooperativa Atitlán Recicla,2026,5,MAY,Kaqchiquel,San Antonio Palopó,mujeres,Datos_Impacto,245,K,,,,,,,,,0,,,,0,0,0,0,0,0,0,,,,,,,,,0,,,,,True
ATITLAN_RECICLA|2026|06|San Antonio Palopó,Cooperativa Atitlán Recicla,2026,6,JUN,Kaqchiquel,San Antonio Palopó,mujeres,Datos_Impacto,245,L,,,,,,,,,0,,,,0,0,0,0,0,0,0,,,,,,,,,0,,,,,True
ATITLAN_RECICLA|2026|07|San Antonio Palopó,Cooperativa Atitlán Recicla,2026,7,JUL,Kaqchiquel,San Antonio Palopó,mujeres,Datos_Impacto,245,N,,,,,,,,0,0,0,0,0,0,0,0,0,0,0,0,0,,0,0,0,0,0,0,0,0,0,0,0,True
ATITLAN_RECICLA|2026|08|San Antonio Palopó,Cooperativa Atitlán Recicla,2026,8,AGO,Kaqchiquel,San Antonio Palopó,mujeres,Datos_Impacto,245,O,,,,,,,,0,0,0,0,0,0,0,0,0,0,0,0,0,,0,0,0,0,0,0,0,0,0,0,0,True
ATITLAN_RECICLA|2026|09|San Antonio Palopó,Cooperativa Atitlán Recicla,2026,9,SEP,Kaqchiquel,San Antonio Palopó,mujeres,Datos_Impacto,245,P,,,,,,,,0,0,0,0,0,0,0,0,0,0,0,0,,,0,0,0,0,0,0,0,0,0,0,0,True
ATITLAN_RECICLA|2026|10|San Antonio Palopó,Cooperativa Atitlán Recicla,2026,10,OCT,Kaqchiquel,San Antonio Palopó,mujeres,Datos_Impacto,245,Q,,,,,,,,0,0,0,0,0,0,0,0,0,0,0,0,0,,0,0,0,0,0,0,0,0,0,0,0,True
ATITLAN_RECICLA|2026|11|San Antonio Palopó,Cooperativa Atitlán Recicla,2026,11,NOV,Kaqchiquel,San Antonio Palopó,mujeres,Datos_Impacto,245,R,,,,,,,,,0,,,,0,0,0,0,0,0,0,,,,,,,,,0,,,,,True
ATITLAN_RECICLA|2026|01|Santa Catarina Palopó,Cooperativa Atitlán Recicla,2026,1,ENE,Kaqchiquel,Santa Catarina Palopó,mujeres,Datos_Impacto,279,G,4,2,1,0,4,0,25.56,0,25.56,430.1,0,0,430.1,0,0,0,430.1,430.1,0,53,86.02000000000001,1.4,0,0,0,0,22,22,47,352,0,0,True
ATITLAN_RECICLA|2026|02|Santa Catarina Palopó,Cooperativa Atitlán Recicla,2026,2,FEB,Kaqchiquel,Santa Catarina Palopó,mujeres,Datos_Impacto,279,H,4,2,1,0,4,0,19.28,0,19.28,294.82,0,0,294.82,0,0,0,294.82,294.82,0,32,58.964,0.91,0,0,0,0,15.81,15.81,29.9,227.82,0,0,True
ATITLAN_RECICLA|2026|03|Santa Catarina Palopó,Cooperativa Atitlán Recicla,2026,3,MAR,Kaqchiquel,Santa Catarina Palopó,mujeres,Datos_Impacto,279,I,,,,,,,,,0,,,,0,0,0,0,0,0,0,,,,,,,,,0,,,,,True
ATITLAN_RECICLA|2026|04|Santa Catarina Palopó,Cooperativa Atitlán Recicla,2026,4,ABR,Kaqchiquel,Santa Catarina Palopó,mujeres,Datos_Impacto,279,J,,,,,,,,,0,,,,0,0,0,0,0,0,0,,,,,,,,,0,,,,,True
ATITLAN_RECICLA|2026|05|Santa Catarina Palopó,Cooperativa Atitlán Recicla,2026,5,MAY,Kaqchiquel,Santa Catarina Palopó,mujeres,Datos_Impacto,279,K,,,,,,,,,0,,,,0,0,0,0,0,0,0,,,,,,,,,0,,,,,True
ATITLAN_RECICLA|2026|06|Santa Catarina Palopó,Cooperativa Atitlán Recicla,2026,6,JUN,Kaqchiquel,Santa Catarina Palopó,mujeres,Datos_Impacto,279,L,,,,,,,,,0,,,,0,0,0,0,0,0,0,,,,,,,,,0,,,,,True
ATITLAN_RECICLA|2026|07|Santa Catarina Palopó,Cooperativa Atitlán Recicla,2026,7,JUL,Kaqchiquel,Santa Catarina Palopó,mujeres,Datos_Impacto,279,N,,,,,,,,,0,,,,0,0,0,0,0,0,0,,,,,,,,,0,,,,0,True
ATITLAN_RECICLA|2026|08|Santa Catarina Palopó,Cooperativa Atitlán Recicla,2026,8,AGO,Kaqchiquel,Santa Catarina Palopó,mujeres,Datos_Impacto,279,O,,,,,,,,,0,,,,0,0,0,0,0,0,0,,,,,,,,,0,,,,0,True
ATITLAN_RECICLA|2026|09|Santa Catarina Palopó,Cooperativa Atitlán Recicla,2026,9,SEP,Kaqchiquel,Santa Catarina Palopó,mujeres,Datos_Impacto,279,P,,,,,,,,,0,,,,0,0,0,0,0,0,0,,,,,,,,,0,,,,0,True
ATITLAN_RECICLA|2026|10|Santa Catarina Palopó,Cooperativa Atitlán Recicla,2026,10,OCT,Kaqchiquel,Santa Catarina Palopó,mujeres,Datos_Impacto,279,Q,,,,,,,,,0,,,,0,0,0,0,0,0,0,,,,,,,,,0,,,,0,True
ATITLAN_RECICLA|2026|11|Santa Catarina Palopó,Cooperativa Atitlán Recicla,2026,11,NOV,Kaqchiquel,Santa Catarina Palopó,mujeres,Datos_Impacto,279,R,,,,,,,,,0,,,,0,0,0,0,0,0,0,,,,,,,,,0,,,,,True
ATITLAN_RECICLA|2026|01|Sololá,Cooperativa Atitlán Recicla,2026,1,ENE,Kaqchiquel,Sololá,mujeres_y_muni,Datos_Impacto,313,G,6,5,2,0,6,0,160.87,0,160.87,3082.3,0,14.4,3067.9,0,0,0,3082.3,3067.9,14.4,294,306.79,4.96,0,0,0,0,70.1,70.1,177,1430,0,0,True
ATITLAN_RECICLA|2026|02|Sololá,Cooperativa Atitlán Recicla,2026,2,FEB,Kaqchiquel,Sololá,mujeres_y_muni,Datos_Impacto,313,H,6,5,1,0,6,0,103.73,0,103.73,1928.84,0,17.1,1911.74,0,0,0,1928.84,1911.74,17.1,268,382.348,4.13,0,0,0,0,33.86,33.86,135,667.64,0,0,True
ATITLAN_RECICLA|2026|03|Sololá,Cooperativa Atitlán Recicla,2026,3,MAR,Kaqchiquel,Sololá,mujeres_y_muni,Datos_Impacto,313,I,,,,,,,,,0,,,,0,0,0,0,0,0,0,,,,,,,,,0,,,,,True
ATITLAN_RECICLA|2026|04|Sololá,Cooperativa Atitlán Recicla,2026,4,ABR,Kaqchiquel,Sololá,mujeres_y_muni,Datos_Impacto,313,J,,,,,,,,,0,,,,0,0,0,0,0,0,0,,,,,,,,,0,,,,,True
ATITLAN_RECICLA|2026|05|Sololá,Cooperativa Atitlán Recicla,2026,5,MAY,Kaqchiquel,Sololá,mujeres_y_muni,Datos_Impacto,313,K,,,,,,,,,0,,,,0,0,0,0,0,0,0,,,,,,,,,0,,,,,True
ATITLAN_RECICLA|2026|06|Sololá,Cooperativa Atitlán Recicla,2026,6,JUN,Kaqchiquel,Sololá,mujeres_y_muni,Datos_Impacto,313,L,,,,,,,,,0,,,,0,0,0,0,0,0,0,,,,,,,,,0,,,,,True
ATITLAN_RECICLA|2026|07|Sololá,Cooperativa Atitlán Recicla,2026,7,JUL,Kaqchiquel,Sololá,mujeres_y_muni,Datos_Impacto,313,N,,,,,,,,,0,,,,0,0,0,0,0,0,0,,,,,,,,,0,,,,,True
ATITLAN_RECICLA|2026|08|Sololá,Cooperativa Atitlán Recicla,2026,8,AGO,Kaqchiquel,Sololá,mujeres_y_muni,Datos_Impacto,313,O,,,,,,,,,0,,,,0,0,0,0,0,0,0,,,,,,,,,0,,,,,True
ATITLAN_RECICLA|2026|09|Sololá,Cooperativa Atitlán Recicla,2026,9,SEP,Kaqchiquel,Sololá,mujeres_y_muni,Datos_Impacto,313,P,,,,,,,,,0,,,,0,0,0,0,0,0,0,,,,,,,,,0,,,,,True
ATITLAN_RECICLA|2026|10|Sololá,Cooperativa Atitlán Recicla,2026,10,OCT,Kaqchiquel,Sololá,mujeres_y_muni,Datos_Impacto,313,Q,,,,,,,,,0,,,,0,0,0,0,0,0,0,,,,,,,,,0,,,,,True
ATITLAN_RECICLA|2026|11|Sololá,Cooperativa Atitlán Recicla,2026,11,NOV,Kaqchiquel,Sololá,mujeres_y_muni,Datos_Impacto,313,R,,,,,,,,,0,,,,0,0,0,0,0,0,0,,,,,,,,,0,,,,,True
ATITLAN_RECICLA|2026|01|San Andrés Semetabaj,Cooperativa Atitlán Recicla,2026,1,ENE,Kaqchiquel,San Andrés Semetabaj,mujeres,Datos_Impacto,347,G,3,1,0,0,3,0,0,0,0,0,0,0,0,0,0,0,0,0,0,0,,0,0,0,0,0,0,0,0,0,0,0,True
ATITLAN_RECICLA|2026|02|San Andrés Semetabaj,Cooperativa Atitlán Recicla,2026,2,FEB,Kaqchiquel,San Andrés Semetabaj,mujeres,Datos_Impacto,347,H,3,1,1,0,3,0,36.79,0,36.79,688.77,0,0,688.77,0,0,0,688.77,688.77,0,90,137.754,0.52,0,0,0,0,22.41,22.41,20.8,457.02,0,0,True
ATITLAN_RECICLA|2026|03|San Andrés Semetabaj,Cooperativa Atitlán Recicla,2026,3,MAR,Kaqchiquel,San Andrés Semetabaj,mujeres,Datos_Impacto,347,I,,,,,,,,,0,,,,0,0,0,0,0,0,0,,,,,,,,,0,,,,0,True
ATITLAN_RECICLA|2026|04|San Andrés Semetabaj,Cooperativa Atitlán Recicla,2026,4,ABR,Kaqchiquel,San Andrés Semetabaj,mujeres,Datos_Impacto,347,J,,,,,,,,,0,,,,0,0,0,0,0,0,0,,,,,,,,,0,,,,0,True
ATITLAN_RECICLA|2026|05|San Andrés Semetabaj,Cooperativa Atitlán Recicla,2026,5,MAY,Kaqchiquel,San Andrés Semetabaj,mujeres,Datos_Impacto,347,K,,,,,,,,,0,,,,0,0,0,0,0,0,0,,,,,,,,,0,,,,0,True
ATITLAN_RECICLA|2026|06|San Andrés Semetabaj,Cooperativa Atitlán Recicla,2026,6,JUN,Kaqchiquel,San Andrés Semetabaj,mujeres,Datos_Impacto,347,L,,,,,,,,,0,,,,0,0,0,0,0,0,0,,,,,,,,,0,,,,0,True
ATITLAN_RECICLA|2026|07|San Andrés Semetabaj,Cooperativa Atitlán Recicla,2026,7,JUL,Kaqchiquel,San Andrés Semetabaj,mujeres,Datos_Impacto,347,N,,,,,,,,,0,,,,0,0,0,0,0,0,0,,,,,,,,,0,,,0,0,True
ATITLAN_RECICLA|2026|08|San Andrés Semetabaj,Cooperativa Atitlán Recicla,2026,8,AGO,Kaqchiquel,San Andrés Semetabaj,mujeres,Datos_Impacto,347,O,,,,,,,,,0,,,,0,0,0,0,0,0,0,,,,,,,,,0,,,0,0,True
ATITLAN_RECICLA|2026|09|San Andrés Semetabaj,Cooperativa Atitlán Recicla,2026,9,SEP,Kaqchiquel,San Andrés Semetabaj,mujeres,Datos_Impacto,347,P,,,,,,,,,0,,,,0,0,0,0,0,0,0,,,,,,,,,0,,,0,0,True
ATITLAN_RECICLA|2026|10|San Andrés Semetabaj,Cooperativa Atitlán Recicla,2026,10,OCT,Kaqchiquel,San Andrés Semetabaj,mujeres,Datos_Impacto,347,Q,,,,,,,,,0,,,,0,0,0,0,0,0,0,,,,,,,,,0,,,,0,True
ATITLAN_RECICLA|2026|11|San Andrés Semetabaj,Cooperativa Atitlán Recicla,2026,11,NOV,Kaqchiquel,San Andrés Semetabaj,mujeres,Datos_Impacto,347,R,,,,,,,,,0,,,,0,0,0,0,0,0,0,,,,,,,,,0,,,,,True
ATITLAN_RECICLA|2026|01|Santa Clara La Laguna,Cooperativa Atitlán Recicla,2026,1,ENE,Tzolojya,Santa Clara La Laguna,mujeres,Datos_Impacto,381,G,5,4,3,1,5,0,53.44,0,53.44,1188.28,0,0,1188.28,0,0,0,1188.28,1188.28,0,44,59.414,0.7,0,0,0,0,51.24,51.24,23.5,1127.28,0,0,True
ATITLAN_RECICLA|2026|02|Santa Clara La Laguna,Cooperativa Atitlán Recicla,2026,2,FEB,Tzolojya,Santa Clara La Laguna,mujeres,Datos_Impacto,381,H,5,2,2,1,5,0,42,0,42,924,0,0,924,0,0,0,924,924,0,38,61.6,0,0,0,0,0,42,42,0,924,0,0,True
ATITLAN_RECICLA|2026|03|Santa Clara La Laguna,Cooperativa Atitlán Recicla,2026,3,MAR,Tzolojya,Santa Clara La Laguna,mujeres,Datos_Impacto,381,I,,,,,,,,,0,,,,0,0,0,0,0,0,0,,,,,,,,,0,,,,,True
ATITLAN_RECICLA|2026|04|Santa Clara La Laguna,Cooperativa Atitlán Recicla,2026,4,ABR,Tzolojya,Santa Clara La Laguna,mujeres,Datos_Impacto,381,J,,,,,,,,,0,,,,0,0,0,0,0,0,0,,,,,,,,,0,,,,,True
ATITLAN_RECICLA|2026|05|Santa Clara La Laguna,Cooperativa Atitlán Recicla,2026,5,MAY,Tzolojya,Santa Clara La Laguna,mujeres,Datos_Impacto,381,K,,,,,,,,,0,,,,0,0,0,0,0,0,0,,,,,,,,,0,,,,,True
ATITLAN_RECICLA|2026|06|Santa Clara La Laguna,Cooperativa Atitlán Recicla,2026,6,JUN,Tzolojya,Santa Clara La Laguna,mujeres,Datos_Impacto,381,L,,,,,,,,,0,,,,0,0,0,0,0,0,0,,,,,,,,,0,,,,,True
ATITLAN_RECICLA|2026|07|Santa Clara La Laguna,Cooperativa Atitlán Recicla,2026,7,JUL,Tzolojya,Santa Clara La Laguna,mujeres,Datos_Impacto,381,N,,,,,,,,,0,,,,0,0,0,0,0,0,0,,,,,,,,,0,,,,0,True
ATITLAN_RECICLA|2026|08|Santa Clara La Laguna,Cooperativa Atitlán Recicla,2026,8,AGO,Tzolojya,Santa Clara La Laguna,mujeres,Datos_Impacto,381,O,,,,,,,,,0,,,,0,0,0,0,0,0,0,,,,,,,,,0,,,,0,True
ATITLAN_RECICLA|2026|09|Santa Clara La Laguna,Cooperativa Atitlán Recicla,2026,9,SEP,Tzolojya,Santa Clara La Laguna,mujeres,Datos_Impacto,381,P,,,,,,,,0,0,,,,0,0,0,0,0,0,0,,,,,,,,,0,,,,0,True
ATITLAN_RECICLA|2026|10|Santa Clara La Laguna,Cooperativa Atitlán Recicla,2026,10,OCT,Tzolojya,Santa Clara La Laguna,mujeres,Datos_Impacto,381,Q,,,,,,,,0,0,,,,0,0,0,0,0,0,0,,,,,,,,,0,,,,0,True
ATITLAN_RECICLA|2026|11|Santa Clara La Laguna,Cooperativa Atitlán Recicla,2026,11,NOV,Tzolojya,Santa Clara La Laguna,mujeres,Datos_Impacto,381,R,,,,,,,,,0,,,,0,0,0,0,0,0,0,,,,,,,,,0,,,,,True
ATITLAN_RECICLA|2026|01|Santa María Visitación,Cooperativa Atitlán Recicla,2026,1,ENE,Tzolojya,Santa María Visitación,muni,Datos_Impacto,415,G,0,0,0,0,0,0,0,2.94,2.94,0,0,,0,64.68,5.88,58.800000000000004,64.68,58.800000000000004,5.88,0,,0,0,0,0,0,2.94,2.94,0,58.8,0,0,True
ATITLAN_RECICLA|2026|02|Santa María Visitación,Cooperativa Atitlán Recicla,2026,2,FEB,Tzolojya,Santa María Visitación,muni,Datos_Impacto,415,H,0,0,0,0,0,0,0,15.9,15.9,0,0,0,0,528,64.5,463.5,528,463.5,64.5,0,,7.3,0,0,0,0,5,5,255.5,100,0,0,True
ATITLAN_RECICLA|2026|03|Santa María Visitación,Cooperativa Atitlán Recicla,2026,3,MAR,Tzolojya,Santa María Visitación,muni,Datos_Impacto,415,I,,,,,,,,,0,,,,0,,,0,0,0,0,,,,,,,,,0,,,,0,True
ATITLAN_RECICLA|2026|04|Santa María Visitación,Cooperativa Atitlán Recicla,2026,4,ABR,Tzolojya,Santa María Visitación,muni,Datos_Impacto,415,J,,,,,,,,,0,,,,0,,,0,0,0,0,,,,,,,,,0,,,,0,True
ATITLAN_RECICLA|2026|05|Santa María Visitación,Cooperativa Atitlán Recicla,2026,5,MAY,Tzolojya,Santa María Visitación,muni,Datos_Impacto,415,K,,,,,,,,,0,,,,0,,,0,0,0,0,,,,,,,,,0,,,,0,True
ATITLAN_RECICLA|2026|06|Santa María Visitación,Cooperativa Atitlán Recicla,2026,6,JUN,Tzolojya,Santa María Visitación,muni,Datos_Impacto,415,L,,,,,,,,,0,,,,0,,,0,0,0,0,,,,,,,,,0,,,,0,True
ATITLAN_RECICLA|2026|07|Santa María Visitación,Cooperativa Atitlán Recicla,2026,7,JUL,Tzolojya,Santa María Visitación,muni,Datos_Impacto,415,N,,,,,,,,,0,,,,0,,,0,0,0,0,0,,,,,,,,0,,,,0,True
ATITLAN_RECICLA|2026|08|Santa María Visitación,Cooperativa Atitlán Recicla,2026,8,AGO,Tzolojya,Santa María Visitación,muni,Datos_Impacto,415,O,,,,,,,,,0,,,,0,,,0,0,0,0,0,,,,,,,,0,,,,0,True
ATITLAN_RECICLA|2026|09|Santa María Visitación,Cooperativa Atitlán Recicla,2026,9,SEP,Tzolojya,Santa María Visitación,muni,Datos_Impacto,415,P,,,,,,,,,0,0,0,0,0,,,0,0,0,0,0,,,,,,,,0,,,,0,True
ATITLAN_RECICLA|2026|10|Santa María Visitación,Cooperativa Atitlán Recicla,2026,10,OCT,Tzolojya,Santa María Visitación,muni,Datos_Impacto,415,Q,,,,,,,,,0,0,0,0,0,,,0,0,0,0,0,,,,,,,,0,,,,0,True
ATITLAN_RECICLA|2026|11|Santa María Visitación,Cooperativa Atitlán Recicla,2026,11,NOV,Tzolojya,Santa María Visitación,muni,Datos_Impacto,415,R,,,,,,,,,0,,,,0,,,0,0,0,0,,,,,,,,,0,,,,,True
ATITLAN_RECICLA|2026|01|Santa Lucía Utatlán,Cooperativa Atitlán Recicla,2026,1,ENE,Tzolojya,Santa Lucía Utatlán,muni,Datos_Impacto,449,G,0,0,0,0,0,0,0,26.25,26.25,0,0,0,0,598.85,59.1,539.75,598.85,539.75,59.1,0,,4.93,0,0,0,0,15.6,15.6,146.55,312,0,0,True
ATITLAN_RECICLA|2026|02|Santa Lucía Utatlán,Cooperativa Atitlán Recicla,2026,2,FEB,Tzolojya,Santa Lucía Utatlán,muni,Datos_Impacto,449,H,0,0,0,0,,,0,32.92,32.92,0,0,0,0,749.5,70.65,678.85,749.5,678.85,70.65,0,,5.09,0,0,0,0,20.8,20.8,163.15,416,0,0,True
ATITLAN_RECICLA|2026|03|Santa Lucía Utatlán,Cooperativa Atitlán Recicla,2026,3,MAR,Tzolojya,Santa Lucía Utatlán,muni,Datos_Impacto,449,I,0,0,0,0,,,,,0,,,,0,,,0,0,0,0,0,,,,,,,,0,,,0,0,True
ATITLAN_RECICLA|2026|04|Santa Lucía Utatlán,Cooperativa Atitlán Recicla,2026,4,ABR,Tzolojya,Santa Lucía Utatlán,muni,Datos_Impacto,449,J,0,0,0,0,,,,,0,,,,0,,,0,0,0,0,0,,,,,,,,0,,,0,0,True
ATITLAN_RECICLA|2026|05|Santa Lucía Utatlán,Cooperativa Atitlán Recicla,2026,5,MAY,Tzolojya,Santa Lucía Utatlán,muni,Datos_Impacto,449,K,0,0,0,0,,,,,0,,,,0,,,0,0,0,0,0,,,,,,,,0,,,0,0,True
ATITLAN_RECICLA|2026|06|Santa Lucía Utatlán,Cooperativa Atitlán Recicla,2026,6,JUN,Tzolojya,Santa Lucía Utatlán,muni,Datos_Impacto,449,L,0,0,0,0,,,,,0,,,,0,,,0,0,0,0,0,,,,,,,,0,,,0,0,True
ATITLAN_RECICLA|2026|07|Santa Lucía Utatlán,Cooperativa Atitlán Recicla,2026,7,JUL,Tzolojya,Santa Lucía Utatlán,muni,Datos_Impacto,449,N,0,0,0,0,0,0,0,,0,0,0,0,0,,,0,0,0,0,0,,,,,,,,0,,,,0,True
ATITLAN_RECICLA|2026|08|Santa Lucía Utatlán,Cooperativa Atitlán Recicla,2026,8,AGO,Tzolojya,Santa Lucía Utatlán,muni,Datos_Impacto,449,O,0,0,0,0,0,0,0,,0,0,0,0,0,,,0,0,0,0,0,,,,,,,,0,,,,0,True
ATITLAN_RECICLA|2026|09|Santa Lucía Utatlán,Cooperativa Atitlán Recicla,2026,9,SEP,Tzolojya,Santa Lucía Utatlán,muni,Datos_Impacto,449,P,0,0,0,0,0,0,0,,0,0,0,0,0,,,0,0,0,0,0,,,,,,,,0,,,,0,True
ATITLAN_RECICLA|2026|10|Santa Lucía Utatlán,Cooperativa Atitlán Recicla,2026,10,OCT,Tzolojya,Santa Lucía Utatlán,muni,Datos_Impacto,449,Q,0,0,0,0,0,0,0,,0,0,0,0,0,,,0,0,0,0,0,,,,,,,,0,,,,,True
ATITLAN_RECICLA|2026|11|Santa Lucía Utatlán,Cooperativa Atitlán Recicla,2026,11,NOV,Tzolojya,Santa Lucía Utatlán,muni,Datos_Impacto,449,R,,,,,,,,,0,,,,0,,,0,0,0,0,,,,,,,,,0,,,,,True
ATITLAN_RECICLA|2026|01|Panajachel,Cooperativa Atitlán Recicla,2026,1,ENE,Tzolojya,Panajachel,mujeres,Datos_Impacto,483,G,11,11,4,0,7,0,950.04,0,950.04,19993.56,1750,4.8,19988.760000000002,0,0,0,19993.56,19988.760000000002,4.8,475,999.4380000000001,68.57,0,0,0,0,520.03,520.03,2251.8,11929.36,0,,True
ATITLAN_RECICLA|2026|02|Panajachel,Cooperativa Atitlán Recicla,2026,2,FEB,Tzolojya,Panajachel,mujeres,Datos_Impacto,483,H,11,5,5,0,7,0,599.91,0,599.91,11456.75,1300,2.75,11454,0,0,0,11456.75,11454,2.75,328,458.16,26.56,0,0,0,0,303.28,303.28,799,6732.6,0,0,True
ATITLAN_RECICLA|2026|03|Panajachel,Cooperativa Atitlán Recicla,2026,3,MAR,Tzolojya,Panajachel,mujeres,Datos_Impacto,483,I,,,,,,,,,0,,,,0,0,0,0,0,0,0,,,,,,,,,0,,,,,True
ATITLAN_RECICLA|2026|04|Panajachel,Cooperativa Atitlán Recicla,2026,4,ABR,Tzolojya,Panajachel,mujeres,Datos_Impacto,483,J,,,,,,,,,0,,,,0,0,0,0,0,0,0,,,,,,,,,0,,,,,True
ATITLAN_RECICLA|2026|05|Panajachel,Cooperativa Atitlán Recicla,2026,5,MAY,Tzolojya,Panajachel,mujeres,Datos_Impacto,483,K,,,,,,,,,0,,,,0,0,0,0,0,0,0,,,,,,,,,0,,,,,True
ATITLAN_RECICLA|2026|06|Panajachel,Cooperativa Atitlán Recicla,2026,6,JUN,Tzolojya,Panajachel,mujeres,Datos_Impacto,483,L,,,,,,,,,0,,,,0,0,0,0,0,0,0,,,,,,,,,0,,,,,True
ATITLAN_RECICLA|2026|07|Panajachel,Cooperativa Atitlán Recicla,2026,7,JUL,Tzolojya,Panajachel,mujeres,Datos_Impacto,483,N,,,,,,,,,0,,,,0,0,0,0,0,0,0,,,,,,,,,0,,,,,True
ATITLAN_RECICLA|2026|08|Panajachel,Cooperativa Atitlán Recicla,2026,8,AGO,Tzolojya,Panajachel,mujeres,Datos_Impacto,483,O,,,,,,,,,0,,,,0,0,0,0,0,0,0,,,,,,,,,0,,,,,True
ATITLAN_RECICLA|2026|09|Panajachel,Cooperativa Atitlán Recicla,2026,9,SEP,Tzolojya,Panajachel,mujeres,Datos_Impacto,483,P,,,,,,,,,0,,,,0,0,0,0,0,0,0,,,,,,,,,0,,,,,True
ATITLAN_RECICLA|2026|10|Panajachel,Cooperativa Atitlán Recicla,2026,10,OCT,Tzolojya,Panajachel,mujeres,Datos_Impacto,483,Q,,,,,,,,,0,,,,0,0,0,0,0,0,0,,,,,,,,,0,,,,,True
ATITLAN_RECICLA|2026|11|Panajachel,Cooperativa Atitlán Recicla,2026,11,NOV,Tzolojya,Panajachel,mujeres,Datos_Impacto,483,R,,,,,,,,,0,,,,0,0,0,0,0,0,0,,,,,,,,,0,,,,,True
