row_number,module_name,fecha,anio,mes_num,mes_nombre,periodo,registro_valido,estado_fila_norm,tipo_reunion,tema_principal,instituciones_participantes,acuerdos_principales,is_codema,is_mesa_dep,is_mesa_municipal,municipios
1,reuniones,2026-01-25 00:00:00.000000000,2026,1,Enero,2026-01,True,OK,Otro,Gestiuón de fondos para caracterizacion de aguas residuales del municipio de San Antonio Palopó.,Familia Plocharski Schutt,Cotización de costos de laboratorios para caracterizacion de aguas residuales,False,False,False,San Antonio Palopó
2,reuniones,2026-01-25 00:00:00.000000000,2026,1,Enero,2026-01,True,OK,Eje de agua y saneamiento / CODEMA,Coordinación isntitucional y POA,"AALA, AMSCLAE, MARN, ONGAWA, SALUD",Seguimiento de POA y Presupuesto a proyectos de inversion de agua y saneamiento.,True,False,False,
3,reuniones,2026-01-25 00:00:00.000000000,2026,1,Enero,2026-01,True,OK,Otro,Presentacion de plan de consrvación y reforestacion.,Familia Meagli y equipo técnico AALA,Planificación de plan de reforestacion y requerimientos legales para inscripcion del área como área de conservacion.,False,False,False,
4,reuniones,2026-01-25 00:00:00.000000000,2026,1,Enero,2026-01,True,OK,Reunión técnica con municipio,Confirmación de puntos de descarga de aguas residuales para caracterizacion de aguas residuales,Director de la unidad ambiental de la municipalidad de San Antonio Palopó.,Facilitación de coordenadas y datos de puntos de descarga,False,False,False,San Antonio Palopó
5,reuniones,2026-01-25 00:00:00.000000000,2026,1,Enero,2026-01,True,OK,Reunión técnica con municipio,"Actividades de intervencion en el municipio Residuos sólidos, aguas residuales y PIRDS",Director de la unidad ambiental de la municipalidad de San Antonio Palopó.,Visita de campo para diagnostico actual del sistema de tratamiento de residuos sólidos,False,False,False,San Antonio Palopó
6,reuniones,2026-01-25 00:00:00.000000000,2026,1,Enero,2026-01,True,OK,Reunión técnica con municipio,Coordinación de actividades y asistencia técnica,Direccionales ambiental municipal de Sololá,"Seguimiento PIRDS, Diagnostico manejo de reciclables y cierre vertedero picacho.",False,False,False,Sololá
7,reuniones,2026-01-30 00:00:00.000000000,2026,1,Enero,2026-01,True,OK,Mesa técnica municipal,Presentación de avances y coordinacion de la oficina municipal de medio ambiente.,"AMSCLAE, MAGA, AALA, SALUD, SESAN, Atitlán Recicla",Acompañamiento técnico en residuos sólidos y aguas residuales,False,False,True,San Antonio Palopó
8,reuniones,2026-02-02 00:00:00.000000000,2026,2,Febrero,2026-02,True,OK,Otro,Elaboración PIRDS Municipio de San Antonio Palopó.,EPSUM-USAC,Coordinación para apoyo técnico para construcción de PIRDS,False,False,False,San Antonio Palopó
9,reuniones,2026-03-02 00:00:00.000000000,2026,3,Marzo,2026-03,True,OK,Mesa técnica municipal,"Cierre vertedero picacho y operación de centro de transferencia Coxom, Sololá.","Municipalidad, CONAP, SALU, AALA, CONRED, MARN, CONAP, AMSCLAE, VM, Reservas Militares",Apoyo a gestión de licencias ambietnales y acompañamiento técnico a manejo y tratamiento de residuos sólidos.,False,False,True,Sololá
10,reuniones,2026-02-04 22:00:00.000000417,2026,2,Febrero,2026-02,True,OK,Otro,Avances de losgistica de simposio 2026,"AMSCLAE, AALA, VM","Información de becas, presupuestos e informacion de ponentes.",False,False,False,
11,reuniones,2026-02-18 00:00:00.000000000,2026,2,Febrero,2026-02,True,OK,Eje de agua y saneamiento / CODEMA,"Calidad de agua del lago de atitlan, POA de eje.","AALA, AMSCLAE, MARN, ONGAWA, SALUD",Elaboración de matriz para actualización de POA 2026 institucional,True,False,False,
12,reuniones,2026-02-20 00:00:00.000000000,2026,2,Febrero,2026-02,True,OK,Reunión técnica con municipio,Apoyo técnico municipal para PIRDS y caracterización de residuos sólidos sector comercial y de mercados.,UGAM - AALA,Reunión de seguimiento 9 de marzo 2026,False,False,False,San Juan La Laguna
13,reuniones,2026-02-26 22:00:00.000000417,2026,2,Febrero,2026-02,True,OK,Mesa técnica municipal,Presentacion de intervencion institucional en el municipoio de Santa Lucia Utatlán.,"AALA-AR, MARN, AMSCLAE, AIRES, CONAP, ACH",Planificación de relleno sanitario municipal,False,False,True,
14,reuniones,2026-03-01 22:00:00.000000417,2026,3,Marzo,2026-03,True,OK,Otro,Seguimiento producción forestal ,AALA- AgroProgreso,Visita área de producción para conocer aplicaciones a pilones forestales ,False,False,False,
15,reuniones,2026-03-03 00:00:00.000000000,2026,3,Marzo,2026-03,True,OK,Mesa técnica municipal,"Seguimiento requerimientos para cierre de vertedero picacho,Sololá.","AALA, Municipalidad de Sololá","Análisis del informe técnico para cierre técnico de vertedero municipal Picacho, Sololá.",False,False,True,Sololá
16,reuniones,2026-03-03 22:00:00.000000417,2026,3,Marzo,2026-03,True,OK,Mesa técnica municipal,Informe de avances de la oficina ambiental municipal de Santa Cruz La Laguna,"AALA, MAGA, VM, SALUD",Acompañamiento técnicoa visita de campo para verificación de vertedero ilegal el 10 de marzo.,False,False,True,Santa Cruz La Laguna
17,reuniones,2026-03-04 22:00:00.000000417,2026,3,Marzo,2026-03,True,OK,Otro,Revisión de becas para evento de simposio 2026,"AALA, VM, AMSCLAE",Aprobación de solicitud de becas a sociedad civil y académica.,False,False,False,
18,reuniones,2026-03-05 22:00:00.000000417,2026,3,Marzo,2026-03,True,OK,Eje de agua y saneamiento / CODEMA,Revisión de matriz de POA 2026 del eje de agua y saneamiento,"AALA, AMSCLAE, MARN, ONGAWA, SALUD","LLenado de la matriz por isntitucioón, evento dia del agua 19 de marzo.",True,False,False,
19,reuniones,2026-03-13 00:00:00.000000000,2026,3,Marzo,2026-03,True,OK,Otro,Cumplimiento de avances de cumplimiento de indicadores AALA,Coordinadores AALA,Vaciado de cumplimiento de indicadores de POA de proyectos AALA,False,False,False,
20,reuniones,2026-03-18 00:00:00.000000000,2026,3,Marzo,2026-03,True,OK,Otro,Corredor Biocultural Zunil-Atitlán-Acatenango,"AALA, VM,CONAP, Municipalidades, ONGs, CONRED",Fortalecimiento a la construccion de la estrategia biocultural,False,False,False,
21,reuniones,2026-03-24 00:00:00.000000000,2026,3,Marzo,2026-03,True,OK,Otro,Jornada de limpieza en Panajachel,"AALA, PORTA HOTEL, INTERCOP, MUNICIPALIDAD, AMSCLAE, CENTRO EDUCATIVO",Limpieza de orillas de playa pública en Panajachel.,False,False,False,
22,reuniones,,,,,NaT,False,,,,,,False,False,False,
23,reuniones,,,,,NaT,False,,,,,,False,False,False,
24,reuniones,,,,,NaT,False,,,,,,False,False,False,
25,reuniones,,,,,NaT,False,,,,,,False,False,False,
26,reuniones,,,,,NaT,False,,,,,,False,False,False,
27,reuniones,,,,,NaT,False,,,,,,False,False,False,
28,reuniones,,,,,NaT,False,,,,,,False,False,False,
29,reuniones,,,,,NaT,False,,,,,,False,False,False,
30,reuniones,,,,,NaT,False,,,,,,False,False,False,
31,reuniones,,,,,NaT,False,,,,,,False,False,False,
32,reuniones,,,,,NaT,False,,,,,,False,False,False,
33,reuniones,,,,,NaT,False,,,,,,False,False,False,
34,reuniones,,,,,NaT,False,,,,,,False,False,False,
35,reuniones,,,,,NaT,False,,,,,,False,False,False,
36,reuniones,,,,,NaT,False,,,,,,False,False,False,
37,reuniones,,,,,NaT,False,,,,,,False,False,False,
38,reuniones,,,,,NaT,False,,,,,,False,False,False,
39,reuniones,,,,,NaT,False,,,,,,False,False,False,
40,reuniones,,,,,NaT,False,,,,,,False,False,False,
41,reuniones,,,,,NaT,False,,,,,,False,False,False,
42,reuniones,,,,,NaT,False,,,,,,False,False,False,
43,reuniones,,,,,NaT,False,,,,,,False,False,False,
44,reuniones,,,,,NaT,False,,,,,,False,False,False,
45,reuniones,,,,,NaT,False,,,,,,False,False,False,
46,reuniones,,,,,NaT,False,,,,,,False,False,False,
47,reuniones,,,,,NaT,False,,,,,,False,False,False,
48,reuniones,,,,,NaT,False,,,,,,False,False,False,
49,reuniones,,,,,NaT,False,,,,,,False,False,False,
50,reuniones,,,,,NaT,False,,,,,,False,False,False,
51,reuniones,,,,,NaT,False,,,,,,False,False,False,
52,reuniones,,,,,NaT,False,,,,,,False,False,False,
53,reuniones,,,,,NaT,False,,,,,,False,False,False,
54,reuniones,,,,,NaT,False,,,,,,False,False,False,
55,reuniones,,,,,NaT,False,,,,,,False,False,False,
56,reuniones,,,,,NaT,False,,,,,,False,False,False,
57,reuniones,,,,,NaT,False,,,,,,False,False,False,
58,reuniones,,,,,NaT,False,,,,,,False,False,False,
59,reuniones,,,,,NaT,False,,,,,,False,False,False,
60,reuniones,,,,,NaT,False,,,,,,False,False,False,
61,reuniones,,,,,NaT,False,,,,,,False,False,False,
62,reuniones,,,,,NaT,False,,,,,,False,False,False,
63,reuniones,,,,,NaT,False,,,,,,False,False,False,
64,reuniones,,,,,NaT,False,,,,,,False,False,False,
65,reuniones,,,,,NaT,False,,,,,,False,False,False,
66,reuniones,,,,,NaT,False,,,,,,False,False,False,
67,reuniones,,,,,NaT,False,,,,,,False,False,False,
68,reuniones,,,,,NaT,False,,,,,,False,False,False,
69,reuniones,,,,,NaT,False,,,,,,False,False,False,
70,reuniones,,,,,NaT,False,,,,,,False,False,False,
71,reuniones,,,,,NaT,False,,,,,,False,False,False,
72,reuniones,,,,,NaT,False,,,,,,False,False,False,
73,reuniones,,,,,NaT,False,,,,,,False,False,False,
74,reuniones,,,,,NaT,False,,,,,,False,False,False,
75,reuniones,,,,,NaT,False,,,,,,False,False,False,
76,reuniones,,,,,NaT,False,,,,,,False,False,False,
77,reuniones,,,,,NaT,False,,,,,,False,False,False,
78,reuniones,,,,,NaT,False,,,,,,False,False,False,
79,reuniones,,,,,NaT,False,,,,,,False,False,False,
80,reuniones,,,,,NaT,False,,,,,,False,False,False,
81,reuniones,,,,,NaT,False,,,,,,False,False,False,
82,reuniones,,,,,NaT,False,,,,,,False,False,False,
83,reuniones,,,,,NaT,False,,,,,,False,False,False,
84,reuniones,,,,,NaT,False,,,,,,False,False,False,
85,reuniones,,,,,NaT,False,,,,,,False,False,False,
86,reuniones,,,,,NaT,False,,,,,,False,False,False,
87,reuniones,,,,,NaT,False,,,,,,False,False,False,
88,reuniones,,,,,NaT,False,,,,,,False,False,False,
89,reuniones,,,,,NaT,False,,,,,,False,False,False,
90,reuniones,,,,,NaT,False,,,,,,False,False,False,
91,reuniones,,,,,NaT,False,,,,,,False,False,False,
92,reuniones,,,,,NaT,False,,,,,,False,False,False,
93,reuniones,,,,,NaT,False,,,,,,False,False,False,
94,reuniones,,,,,NaT,False,,,,,,False,False,False,
95,reuniones,,,,,NaT,False,,,,,,False,False,False,
96,reuniones,,,,,NaT,False,,,,,,False,False,False,
97,reuniones,,,,,NaT,False,,,,,,False,False,False,
98,reuniones,,,,,NaT,False,,,,,,False,False,False,
99,reuniones,,,,,NaT,False,,,,,,False,False,False,
100,reuniones,,,,,NaT,False,,,,,,False,False,False,
101,reuniones,,,,,NaT,False,,,,,,False,False,False,
102,reuniones,,,,,NaT,False,,,,,,False,False,False,
103,reuniones,,,,,NaT,False,,,,,,False,False,False,
104,reuniones,,,,,NaT,False,,,,,,False,False,False,
105,reuniones,,,,,NaT,False,,,,,,False,False,False,
106,reuniones,,,,,NaT,False,,,,,,False,False,False,
107,reuniones,,,,,NaT,False,,,,,,False,False,False,
108,reuniones,,,,,NaT,False,,,,,,False,False,False,
109,reuniones,,,,,NaT,False,,,,,,False,False,False,
110,reuniones,,,,,NaT,False,,,,,,False,False,False,
111,reuniones,,,,,NaT,False,,,,,,False,False,False,
112,reuniones,,,,,NaT,False,,,,,,False,False,False,
113,reuniones,,,,,NaT,False,,,,,,False,False,False,
114,reuniones,,,,,NaT,False,,,,,,False,False,False,
115,reuniones,,,,,NaT,False,,,,,,False,False,False,
116,reuniones,,,,,NaT,False,,,,,,False,False,False,
117,reuniones,,,,,NaT,False,,,,,,False,False,False,
118,reuniones,,,,,NaT,False,,,,,,False,False,False,
119,reuniones,,,,,NaT,False,,,,,,False,False,False,
120,reuniones,,,,,NaT,False,,,,,,False,False,False,
121,reuniones,,,,,NaT,False,,,,,,False,False,False,
122,reuniones,,,,,NaT,False,,,,,,False,False,False,
123,reuniones,,,,,NaT,False,,,,,,False,False,False,
124,reuniones,,,,,NaT,False,,,,,,False,False,False,
125,reuniones,,,,,NaT,False,,,,,,False,False,False,
126,reuniones,,,,,NaT,False,,,,,,False,False,False,
127,reuniones,,,,,NaT,False,,,,,,False,False,False,
128,reuniones,,,,,NaT,False,,,,,,False,False,False,
129,reuniones,,,,,NaT,False,,,,,,False,False,False,
130,reuniones,,,,,NaT,False,,,,,,False,False,False,
131,reuniones,,,,,NaT,False,,,,,,False,False,False,
132,reuniones,,,,,NaT,False,,,,,,False,False,False,
133,reuniones,,,,,NaT,False,,,,,,False,False,False,
134,reuniones,,,,,NaT,False,,,,,,False,False,False,
135,reuniones,,,,,NaT,False,,,,,,False,False,False,
136,reuniones,,,,,NaT,False,,,,,,False,False,False,
137,reuniones,,,,,NaT,False,,,,,,False,False,False,
138,reuniones,,,,,NaT,False,,,,,,False,False,False,
139,reuniones,,,,,NaT,False,,,,,,False,False,False,
140,reuniones,,,,,NaT,False,,,,,,False,False,False,
141,reuniones,,,,,NaT,False,,,,,,False,False,False,
142,reuniones,,,,,NaT,False,,,,,,False,False,False,
143,reuniones,,,,,NaT,False,,,,,,False,False,False,
144,reuniones,,,,,NaT,False,,,,,,False,False,False,
145,reuniones,,,,,NaT,False,,,,,,False,False,False,
146,reuniones,,,,,NaT,False,,,,,,False,False,False,
147,reuniones,,,,,NaT,False,,,,,,False,False,False,
148,reuniones,,,,,NaT,False,,,,,,False,False,False,
149,reuniones,,,,,NaT,False,,,,,,False,False,False,
150,reuniones,,,,,NaT,False,,,,,,False,False,False,
151,reuniones,,,,,NaT,False,,,,,,False,False,False,
152,reuniones,,,,,NaT,False,,,,,,False,False,False,
153,reuniones,,,,,NaT,False,,,,,,False,False,False,
154,reuniones,,,,,NaT,False,,,,,,False,False,False,
155,reuniones,,,,,NaT,False,,,,,,False,False,False,
156,reuniones,,,,,NaT,False,,,,,,False,False,False,
157,reuniones,,,,,NaT,False,,,,,,False,False,False,
158,reuniones,,,,,NaT,False,,,,,,False,False,False,
159,reuniones,,,,,NaT,False,,,,,,False,False,False,
160,reuniones,,,,,NaT,False,,,,,,False,False,False,
161,reuniones,,,,,NaT,False,,,,,,False,False,False,
162,reuniones,,,,,NaT,False,,,,,,False,False,False,
163,reuniones,,,,,NaT,False,,,,,,False,False,False,
164,reuniones,,,,,NaT,False,,,,,,False,False,False,
165,reuniones,,,,,NaT,False,,,,,,False,False,False,
166,reuniones,,,,,NaT,False,,,,,,False,False,False,
167,reuniones,,,,,NaT,False,,,,,,False,False,False,
168,reuniones,,,,,NaT,False,,,,,,False,False,False,
169,reuniones,,,,,NaT,False,,,,,,False,False,False,
170,reuniones,,,,,NaT,False,,,,,,False,False,False,
171,reuniones,,,,,NaT,False,,,,,,False,False,False,
172,reuniones,,,,,NaT,False,,,,,,False,False,False,
173,reuniones,,,,,NaT,False,,,,,,False,False,False,
174,reuniones,,,,,NaT,False,,,,,,False,False,False,
175,reuniones,,,,,NaT,False,,,,,,False,False,False,
176,reuniones,,,,,NaT,False,,,,,,False,False,False,
177,reuniones,,,,,NaT,False,,,,,,False,False,False,
178,reuniones,,,,,NaT,False,,,,,,False,False,False,
179,reuniones,,,,,NaT,False,,,,,,False,False,False,
180,reuniones,,,,,NaT,False,,,,,,False,False,False,
181,reuniones,,,,,NaT,False,,,,,,False,False,False,
182,reuniones,,,,,NaT,False,,,,,,False,False,False,
183,reuniones,,,,,NaT,False,,,,,,False,False,False,
184,reuniones,,,,,NaT,False,,,,,,False,False,False,
185,reuniones,,,,,NaT,False,,,,,,False,False,False,
186,reuniones,,,,,NaT,False,,,,,,False,False,False,
187,reuniones,,,,,NaT,False,,,,,,False,False,False,
188,reuniones,,,,,NaT,False,,,,,,False,False,False,
189,reuniones,,,,,NaT,False,,,,,,False,False,False,
190,reuniones,,,,,NaT,False,,,,,,False,False,False,
191,reuniones,,,,,NaT,False,,,,,,False,False,False,
192,reuniones,,,,,NaT,False,,,,,,False,False,False,
193,reuniones,,,,,NaT,False,,,,,,False,False,False,
194,reuniones,,,,,NaT,False,,,,,,False,False,False,
195,reuniones,,,,,NaT,False,,,,,,False,False,False,
196,reuniones,,,,,NaT,False,,,,,,False,False,False,
197,reuniones,,,,,NaT,False,,,,,,False,False,False,
198,reuniones,,,,,NaT,False,,,,,,False,False,False,
199,reuniones,,,,,NaT,False,,,,,,False,False,False,
200,reuniones,,,,,NaT,False,,,,,,False,False,False,
201,reuniones,,,,,NaT,False,,,,,,False,False,False,
202,reuniones,,,,,NaT,False,,,,,,False,False,False,
203,reuniones,,,,,NaT,False,,,,,,False,False,False,
204,reuniones,,,,,NaT,False,,,,,,False,False,False,
205,reuniones,,,,,NaT,False,,,,,,False,False,False,
206,reuniones,,,,,NaT,False,,,,,,False,False,False,
207,reuniones,,,,,NaT,False,,,,,,False,False,False,
208,reuniones,,,,,NaT,False,,,,,,False,False,False,
209,reuniones,,,,,NaT,False,,,,,,False,False,False,
210,reuniones,,,,,NaT,False,,,,,,False,False,False,
211,reuniones,,,,,NaT,False,,,,,,False,False,False,
212,reuniones,,,,,NaT,False,,,,,,False,False,False,
213,reuniones,,,,,NaT,False,,,,,,False,False,False,
214,reuniones,,,,,NaT,False,,,,,,False,False,False,
215,reuniones,,,,,NaT,False,,,,,,False,False,False,
216,reuniones,,,,,NaT,False,,,,,,False,False,False,
217,reuniones,,,,,NaT,False,,,,,,False,False,False,
218,reuniones,,,,,NaT,False,,,,,,False,False,False,
219,reuniones,,,,,NaT,False,,,,,,False,False,False,
220,reuniones,,,,,NaT,False,,,,,,False,False,False,
221,reuniones,,,,,NaT,False,,,,,,False,False,False,
222,reuniones,,,,,NaT,False,,,,,,False,False,False,
223,reuniones,,,,,NaT,False,,,,,,False,False,False,
224,reuniones,,,,,NaT,False,,,,,,False,False,False,
225,reuniones,,,,,NaT,False,,,,,,False,False,False,
226,reuniones,,,,,NaT,False,,,,,,False,False,False,
227,reuniones,,,,,NaT,False,,,,,,False,False,False,
228,reuniones,,,,,NaT,False,,,,,,False,False,False,
229,reuniones,,,,,NaT,False,,,,,,False,False,False,
230,reuniones,,,,,NaT,False,,,,,,False,False,False,
231,reuniones,,,,,NaT,False,,,,,,False,False,False,
232,reuniones,,,,,NaT,False,,,,,,False,False,False,
233,reuniones,,,,,NaT,False,,,,,,False,False,False,
234,reuniones,,,,,NaT,False,,,,,,False,False,False,
235,reuniones,,,,,NaT,False,,,,,,False,False,False,
236,reuniones,,,,,NaT,False,,,,,,False,False,False,
237,reuniones,,,,,NaT,False,,,,,,False,False,False,
238,reuniones,,,,,NaT,False,,,,,,False,False,False,
239,reuniones,,,,,NaT,False,,,,,,False,False,False,
240,reuniones,,,,,NaT,False,,,,,,False,False,False,
241,reuniones,,,,,NaT,False,,,,,,False,False,False,
242,reuniones,,,,,NaT,False,,,,,,False,False,False,
243,reuniones,,,,,NaT,False,,,,,,False,False,False,
244,reuniones,,,,,NaT,False,,,,,,False,False,False,
245,reuniones,,,,,NaT,False,,,,,,False,False,False,
246,reuniones,,,,,NaT,False,,,,,,False,False,False,
247,reuniones,,,,,NaT,False,,,,,,False,False,False,
248,reuniones,,,,,NaT,False,,,,,,False,False,False,
249,reuniones,,,,,NaT,False,,,,,,False,False,False,
250,reuniones,,,,,NaT,False,,,,,,False,False,False,
251,reuniones,,,,,NaT,False,,,,,,False,False,False,
252,reuniones,,,,,NaT,False,,,,,,False,False,False,
253,reuniones,,,,,NaT,False,,,,,,False,False,False,
254,reuniones,,,,,NaT,False,,,,,,False,False,False,
255,reuniones,,,,,NaT,False,,,,,,False,False,False,
256,reuniones,,,,,NaT,False,,,,,,False,False,False,
257,reuniones,,,,,NaT,False,,,,,,False,False,False,
258,reuniones,,,,,NaT,False,,,,,,False,False,False,
259,reuniones,,,,,NaT,False,,,,,,False,False,False,
260,reuniones,,,,,NaT,False,,,,,,False,False,False,
261,reuniones,,,,,NaT,False,,,,,,False,False,False,
262,reuniones,,,,,NaT,False,,,,,,False,False,False,
263,reuniones,,,,,NaT,False,,,,,,False,False,False,
264,reuniones,,,,,NaT,False,,,,,,False,False,False,
265,reuniones,,,,,NaT,False,,,,,,False,False,False,
266,reuniones,,,,,NaT,False,,,,,,False,False,False,
267,reuniones,,,,,NaT,False,,,,,,False,False,False,
268,reuniones,,,,,NaT,False,,,,,,False,False,False,
269,reuniones,,,,,NaT,False,,,,,,False,False,False,
270,reuniones,,,,,NaT,False,,,,,,False,False,False,
271,reuniones,,,,,NaT,False,,,,,,False,False,False,
272,reuniones,,,,,NaT,False,,,,,,False,False,False,
273,reuniones,,,,,NaT,False,,,,,,False,False,False,
274,reuniones,,,,,NaT,False,,,,,,False,False,False,
275,reuniones,,,,,NaT,False,,,,,,False,False,False,
276,reuniones,,,,,NaT,False,,,,,,False,False,False,
277,reuniones,,,,,NaT,False,,,,,,False,False,False,
278,reuniones,,,,,NaT,False,,,,,,False,False,False,
279,reuniones,,,,,NaT,False,,,,,,False,False,False,
280,reuniones,,,,,NaT,False,,,,,,False,False,False,
281,reuniones,,,,,NaT,False,,,,,,False,False,False,
282,reuniones,,,,,NaT,False,,,,,,False,False,False,
283,reuniones,,,,,NaT,False,,,,,,False,False,False,
284,reuniones,,,,,NaT,False,,,,,,False,False,False,
285,reuniones,,,,,NaT,False,,,,,,False,False,False,
286,reuniones,,,,,NaT,False,,,,,,False,False,False,
287,reuniones,,,,,NaT,False,,,,,,False,False,False,
288,reuniones,,,,,NaT,False,,,,,,False,False,False,
289,reuniones,,,,,NaT,False,,,,,,False,False,False,
290,reuniones,,,,,NaT,False,,,,,,False,False,False,
291,reuniones,,,,,NaT,False,,,,,,False,False,False,
292,reuniones,,,,,NaT,False,,,,,,False,False,False,
293,reuniones,,,,,NaT,False,,,,,,False,False,False,
294,reuniones,,,,,NaT,False,,,,,,False,False,False,
295,reuniones,,,,,NaT,False,,,,,,False,False,False,
296,reuniones,,,,,NaT,False,,,,,,False,False,False,
297,reuniones,,,,,NaT,False,,,,,,False,False,False,
298,reuniones,,,,,NaT,False,,,,,,False,False,False,
299,reuniones,,,,,NaT,False,,,,,,False,False,False,
300,reuniones,,,,,NaT,False,,,,,,False,False,False,
301,reuniones,,,,,NaT,False,,,,,,False,False,False,
302,reuniones,,,,,NaT,False,,,,,,False,False,False,
303,reuniones,,,,,NaT,False,,,,,,False,False,False,
304,reuniones,,,,,NaT,False,,,,,,False,False,False,
305,reuniones,,,,,NaT,False,,,,,,False,False,False,
306,reuniones,,,,,NaT,False,,,,,,False,False,False,
307,reuniones,,,,,NaT,False,,,,,,False,False,False,
308,reuniones,,,,,NaT,False,,,,,,False,False,False,
309,reuniones,,,,,NaT,False,,,,,,False,False,False,
310,reuniones,,,,,NaT,False,,,,,,False,False,False,
311,reuniones,,,,,NaT,False,,,,,,False,False,False,
312,reuniones,,,,,NaT,False,,,,,,False,False,False,
313,reuniones,,,,,NaT,False,,,,,,False,False,False,
314,reuniones,,,,,NaT,False,,,,,,False,False,False,
315,reuniones,,,,,NaT,False,,,,,,False,False,False,
316,reuniones,,,,,NaT,False,,,,,,False,False,False,
317,reuniones,,,,,NaT,False,,,,,,False,False,False,
318,reuniones,,,,,NaT,False,,,,,,False,False,False,
319,reuniones,,,,,NaT,False,,,,,,False,False,False,
320,reuniones,,,,,NaT,False,,,,,,False,False,False,
321,reuniones,,,,,NaT,False,,,,,,False,False,False,
322,reuniones,,,,,NaT,False,,,,,,False,False,False,
323,reuniones,,,,,NaT,False,,,,,,False,False,False,
324,reuniones,,,,,NaT,False,,,,,,False,False,False,
325,reuniones,,,,,NaT,False,,,,,,False,False,False,
326,reuniones,,,,,NaT,False,,,,,,False,False,False,
327,reuniones,,,,,NaT,False,,,,,,False,False,False,
328,reuniones,,,,,NaT,False,,,,,,False,False,False,
329,reuniones,,,,,NaT,False,,,,,,False,False,False,
330,reuniones,,,,,NaT,False,,,,,,False,False,False,
331,reuniones,,,,,NaT,False,,,,,,False,False,False,
332,reuniones,,,,,NaT,False,,,,,,False,False,False,
333,reuniones,,,,,NaT,False,,,,,,False,False,False,
334,reuniones,,,,,NaT,False,,,,,,False,False,False,
335,reuniones,,,,,NaT,False,,,,,,False,False,False,
336,reuniones,,,,,NaT,False,,,,,,False,False,False,
337,reuniones,,,,,NaT,False,,,,,,False,False,False,
338,reuniones,,,,,NaT,False,,,,,,False,False,False,
339,reuniones,,,,,NaT,False,,,,,,False,False,False,
340,reuniones,,,,,NaT,False,,,,,,False,False,False,
341,reuniones,,,,,NaT,False,,,,,,False,False,False,
342,reuniones,,,,,NaT,False,,,,,,False,False,False,
343,reuniones,,,,,NaT,False,,,,,,False,False,False,
344,reuniones,,,,,NaT,False,,,,,,False,False,False,
345,reuniones,,,,,NaT,False,,,,,,False,False,False,
346,reuniones,,,,,NaT,False,,,,,,False,False,False,
347,reuniones,,,,,NaT,False,,,,,,False,False,False,
348,reuniones,,,,,NaT,False,,,,,,False,False,False,
349,reuniones,,,,,NaT,False,,,,,,False,False,False,
350,reuniones,,,,,NaT,False,,,,,,False,False,False,
351,reuniones,,,,,NaT,False,,,,,,False,False,False,
352,reuniones,,,,,NaT,False,,,,,,False,False,False,
353,reuniones,,,,,NaT,False,,,,,,False,False,False,
354,reuniones,,,,,NaT,False,,,,,,False,False,False,
355,reuniones,,,,,NaT,False,,,,,,False,False,False,
356,reuniones,,,,,NaT,False,,,,,,False,False,False,
357,reuniones,,,,,NaT,False,,,,,,False,False,False,
358,reuniones,,,,,NaT,False,,,,,,False,False,False,
359,reuniones,,,,,NaT,False,,,,,,False,False,False,
360,reuniones,,,,,NaT,False,,,,,,False,False,False,
361,reuniones,,,,,NaT,False,,,,,,False,False,False,
362,reuniones,,,,,NaT,False,,,,,,False,False,False,
363,reuniones,,,,,NaT,False,,,,,,False,False,False,
364,reuniones,,,,,NaT,False,,,,,,False,False,False,
365,reuniones,,,,,NaT,False,,,,,,False,False,False,
366,reuniones,,,,,NaT,False,,,,,,False,False,False,
367,reuniones,,,,,NaT,False,,,,,,False,False,False,
368,reuniones,,,,,NaT,False,,,,,,False,False,False,
369,reuniones,,,,,NaT,False,,,,,,False,False,False,
370,reuniones,,,,,NaT,False,,,,,,False,False,False,
371,reuniones,,,,,NaT,False,,,,,,False,False,False,
372,reuniones,,,,,NaT,False,,,,,,False,False,False,
373,reuniones,,,,,NaT,False,,,,,,False,False,False,
374,reuniones,,,,,NaT,False,,,,,,False,False,False,
375,reuniones,,,,,NaT,False,,,,,,False,False,False,
376,reuniones,,,,,NaT,False,,,,,,False,False,False,
377,reuniones,,,,,NaT,False,,,,,,False,False,False,
378,reuniones,,,,,NaT,False,,,,,,False,False,False,
379,reuniones,,,,,NaT,False,,,,,,False,False,False,
380,reuniones,,,,,NaT,False,,,,,,False,False,False,
381,reuniones,,,,,NaT,False,,,,,,False,False,False,
382,reuniones,,,,,NaT,False,,,,,,False,False,False,
383,reuniones,,,,,NaT,False,,,,,,False,False,False,
384,reuniones,,,,,NaT,False,,,,,,False,False,False,
385,reuniones,,,,,NaT,False,,,,,,False,False,False,
386,reuniones,,,,,NaT,False,,,,,,False,False,False,
387,reuniones,,,,,NaT,False,,,,,,False,False,False,
388,reuniones,,,,,NaT,False,,,,,,False,False,False,
389,reuniones,,,,,NaT,False,,,,,,False,False,False,
390,reuniones,,,,,NaT,False,,,,,,False,False,False,
391,reuniones,,,,,NaT,False,,,,,,False,False,False,
392,reuniones,,,,,NaT,False,,,,,,False,False,False,
393,reuniones,,,,,NaT,False,,,,,,False,False,False,
394,reuniones,,,,,NaT,False,,,,,,False,False,False,
395,reuniones,,,,,NaT,False,,,,,,False,False,False,
396,reuniones,,,,,NaT,False,,,,,,False,False,False,
397,reuniones,,,,,NaT,False,,,,,,False,False,False,
398,reuniones,,,,,NaT,False,,,,,,False,False,False,
399,reuniones,,,,,NaT,False,,,,,,False,False,False,
400,reuniones,,,,,NaT,False,,,,,,False,False,False,
401,reuniones,,,,,NaT,False,,,,,,False,False,False,
402,reuniones,,,,,NaT,False,,,,,,False,False,False,
403,reuniones,,,,,NaT,False,,,,,,False,False,False,
404,reuniones,,,,,NaT,False,,,,,,False,False,False,
405,reuniones,,,,,NaT,False,,,,,,False,False,False,
406,reuniones,,,,,NaT,False,,,,,,False,False,False,
407,reuniones,,,,,NaT,False,,,,,,False,False,False,
408,reuniones,,,,,NaT,False,,,,,,False,False,False,
409,reuniones,,,,,NaT,False,,,,,,False,False,False,
410,reuniones,,,,,NaT,False,,,,,,False,False,False,
411,reuniones,,,,,NaT,False,,,,,,False,False,False,
412,reuniones,,,,,NaT,False,,,,,,False,False,False,
413,reuniones,,,,,NaT,False,,,,,,False,False,False,
414,reuniones,,,,,NaT,False,,,,,,False,False,False,
415,reuniones,,,,,NaT,False,,,,,,False,False,False,
416,reuniones,,,,,NaT,False,,,,,,False,False,False,
417,reuniones,,,,,NaT,False,,,,,,False,False,False,
418,reuniones,,,,,NaT,False,,,,,,False,False,False,
419,reuniones,,,,,NaT,False,,,,,,False,False,False,
420,reuniones,,,,,NaT,False,,,,,,False,False,False,
421,reuniones,,,,,NaT,False,,,,,,False,False,False,
422,reuniones,,,,,NaT,False,,,,,,False,False,False,
423,reuniones,,,,,NaT,False,,,,,,False,False,False,
424,reuniones,,,,,NaT,False,,,,,,False,False,False,
425,reuniones,,,,,NaT,False,,,,,,False,False,False,
426,reuniones,,,,,NaT,False,,,,,,False,False,False,
427,reuniones,,,,,NaT,False,,,,,,False,False,False,
428,reuniones,,,,,NaT,False,,,,,,False,False,False,
429,reuniones,,,,,NaT,False,,,,,,False,False,False,
430,reuniones,,,,,NaT,False,,,,,,False,False,False,
431,reuniones,,,,,NaT,False,,,,,,False,False,False,
432,reuniones,,,,,NaT,False,,,,,,False,False,False,
433,reuniones,,,,,NaT,False,,,,,,False,False,False,
434,reuniones,,,,,NaT,False,,,,,,False,False,False,
435,reuniones,,,,,NaT,False,,,,,,False,False,False,
436,reuniones,,,,,NaT,False,,,,,,False,False,False,
437,reuniones,,,,,NaT,False,,,,,,False,False,False,
438,reuniones,,,,,NaT,False,,,,,,False,False,False,
439,reuniones,,,,,NaT,False,,,,,,False,False,False,
440,reuniones,,,,,NaT,False,,,,,,False,False,False,
441,reuniones,,,,,NaT,False,,,,,,False,False,False,
442,reuniones,,,,,NaT,False,,,,,,False,False,False,
443,reuniones,,,,,NaT,False,,,,,,False,False,False,
444,reuniones,,,,,NaT,False,,,,,,False,False,False,
445,reuniones,,,,,NaT,False,,,,,,False,False,False,
446,reuniones,,,,,NaT,False,,,,,,False,False,False,
447,reuniones,,,,,NaT,False,,,,,,False,False,False,
448,reuniones,,,,,NaT,False,,,,,,False,False,False,
449,reuniones,,,,,NaT,False,,,,,,False,False,False,
450,reuniones,,,,,NaT,False,,,,,,False,False,False,
451,reuniones,,,,,NaT,False,,,,,,False,False,False,
452,reuniones,,,,,NaT,False,,,,,,False,False,False,
453,reuniones,,,,,NaT,False,,,,,,False,False,False,
454,reuniones,,,,,NaT,False,,,,,,False,False,False,
455,reuniones,,,,,NaT,False,,,,,,False,False,False,
456,reuniones,,,,,NaT,False,,,,,,False,False,False,
457,reuniones,,,,,NaT,False,,,,,,False,False,False,
458,reuniones,,,,,NaT,False,,,,,,False,False,False,
459,reuniones,,,,,NaT,False,,,,,,False,False,False,
460,reuniones,,,,,NaT,False,,,,,,False,False,False,
461,reuniones,,,,,NaT,False,,,,,,False,False,False,
462,reuniones,,,,,NaT,False,,,,,,False,False,False,
463,reuniones,,,,,NaT,False,,,,,,False,False,False,
464,reuniones,,,,,NaT,False,,,,,,False,False,False,
465,reuniones,,,,,NaT,False,,,,,,False,False,False,
466,reuniones,,,,,NaT,False,,,,,,False,False,False,
467,reuniones,,,,,NaT,False,,,,,,False,False,False,
468,reuniones,,,,,NaT,False,,,,,,False,False,False,
469,reuniones,,,,,NaT,False,,,,,,False,False,False,
470,reuniones,,,,,NaT,False,,,,,,False,False,False,
471,reuniones,,,,,NaT,False,,,,,,False,False,False,
472,reuniones,,,,,NaT,False,,,,,,False,False,False,
473,reuniones,,,,,NaT,False,,,,,,False,False,False,
474,reuniones,,,,,NaT,False,,,,,,False,False,False,
475,reuniones,,,,,NaT,False,,,,,,False,False,False,
476,reuniones,,,,,NaT,False,,,,,,False,False,False,
477,reuniones,,,,,NaT,False,,,,,,False,False,False,
478,reuniones,,,,,NaT,False,,,,,,False,False,False,
479,reuniones,,,,,NaT,False,,,,,,False,False,False,
480,reuniones,,,,,NaT,False,,,,,,False,False,False,
481,reuniones,,,,,NaT,False,,,,,,False,False,False,
482,reuniones,,,,,NaT,False,,,,,,False,False,False,
483,reuniones,,,,,NaT,False,,,,,,False,False,False,
484,reuniones,,,,,NaT,False,,,,,,False,False,False,
485,reuniones,,,,,NaT,False,,,,,,False,False,False,
486,reuniones,,,,,NaT,False,,,,,,False,False,False,
487,reuniones,,,,,NaT,False,,,,,,False,False,False,
488,reuniones,,,,,NaT,False,,,,,,False,False,False,
489,reuniones,,,,,NaT,False,,,,,,False,False,False,
490,reuniones,,,,,NaT,False,,,,,,False,False,False,
491,reuniones,,,,,NaT,False,,,,,,False,False,False,
492,reuniones,,,,,NaT,False,,,,,,False,False,False,
493,reuniones,,,,,NaT,False,,,,,,False,False,False,
494,reuniones,,,,,NaT,False,,,,,,False,False,False,
495,reuniones,,,,,NaT,False,,,,,,False,False,False,
496,reuniones,,,,,NaT,False,,,,,,False,False,False,
497,reuniones,,,,,NaT,False,,,,,,False,False,False,
498,reuniones,,,,,NaT,False,,,,,,False,False,False,
499,reuniones,,,,,NaT,False,,,,,,False,False,False,
500,reuniones,,,,,NaT,False,,,,,,False,False,False,
501,reuniones,,,,,NaT,False,,,,,,False,False,False,
502,reuniones,,,,,NaT,False,,,,,,False,False,False,
503,reuniones,,,,,NaT,False,,,,,,False,False,False,
504,reuniones,,,,,NaT,False,,,,,,False,False,False,
505,reuniones,,,,,NaT,False,,,,,,False,False,False,
506,reuniones,,,,,NaT,False,,,,,,False,False,False,
507,reuniones,,,,,NaT,False,,,,,,False,False,False,
508,reuniones,,,,,NaT,False,,,,,,False,False,False,
509,reuniones,,,,,NaT,False,,,,,,False,False,False,
510,reuniones,,,,,NaT,False,,,,,,False,False,False,
511,reuniones,,,,,NaT,False,,,,,,False,False,False,
512,reuniones,,,,,NaT,False,,,,,,False,False,False,
513,reuniones,,,,,NaT,False,,,,,,False,False,False,
514,reuniones,,,,,NaT,False,,,,,,False,False,False,
515,reuniones,,,,,NaT,False,,,,,,False,False,False,
516,reuniones,,,,,NaT,False,,,,,,False,False,False,
517,reuniones,,,,,NaT,False,,,,,,False,False,False,
518,reuniones,,,,,NaT,False,,,,,,False,False,False,
519,reuniones,,,,,NaT,False,,,,,,False,False,False,
520,reuniones,,,,,NaT,False,,,,,,False,False,False,
521,reuniones,,,,,NaT,False,,,,,,False,False,False,
522,reuniones,,,,,NaT,False,,,,,,False,False,False,
523,reuniones,,,,,NaT,False,,,,,,False,False,False,
524,reuniones,,,,,NaT,False,,,,,,False,False,False,
525,reuniones,,,,,NaT,False,,,,,,False,False,False,
526,reuniones,,,,,NaT,False,,,,,,False,False,False,
527,reuniones,,,,,NaT,False,,,,,,False,False,False,
528,reuniones,,,,,NaT,False,,,,,,False,False,False,
529,reuniones,,,,,NaT,False,,,,,,False,False,False,
530,reuniones,,,,,NaT,False,,,,,,False,False,False,
531,reuniones,,,,,NaT,False,,,,,,False,False,False,
532,reuniones,,,,,NaT,False,,,,,,False,False,False,
533,reuniones,,,,,NaT,False,,,,,,False,False,False,
534,reuniones,,,,,NaT,False,,,,,,False,False,False,
535,reuniones,,,,,NaT,False,,,,,,False,False,False,
536,reuniones,,,,,NaT,False,,,,,,False,False,False,
537,reuniones,,,,,NaT,False,,,,,,False,False,False,
538,reuniones,,,,,NaT,False,,,,,,False,False,False,
539,reuniones,,,,,NaT,False,,,,,,False,False,False,
540,reuniones,,,,,NaT,False,,,,,,False,False,False,
541,reuniones,,,,,NaT,False,,,,,,False,False,False,
542,reuniones,,,,,NaT,False,,,,,,False,False,False,
543,reuniones,,,,,NaT,False,,,,,,False,False,False,
544,reuniones,,,,,NaT,False,,,,,,False,False,False,
545,reuniones,,,,,NaT,False,,,,,,False,False,False,
546,reuniones,,,,,NaT,False,,,,,,False,False,False,
547,reuniones,,,,,NaT,False,,,,,,False,False,False,
548,reuniones,,,,,NaT,False,,,,,,False,False,False,
549,reuniones,,,,,NaT,False,,,,,,False,False,False,
550,reuniones,,,,,NaT,False,,,,,,False,False,False,
551,reuniones,,,,,NaT,False,,,,,,False,False,False,
552,reuniones,,,,,NaT,False,,,,,,False,False,False,
553,reuniones,,,,,NaT,False,,,,,,False,False,False,
554,reuniones,,,,,NaT,False,,,,,,False,False,False,
555,reuniones,,,,,NaT,False,,,,,,False,False,False,
556,reuniones,,,,,NaT,False,,,,,,False,False,False,
557,reuniones,,,,,NaT,False,,,,,,False,False,False,
558,reuniones,,,,,NaT,False,,,,,,False,False,False,
559,reuniones,,,,,NaT,False,,,,,,False,False,False,
560,reuniones,,,,,NaT,False,,,,,,False,False,False,
561,reuniones,,,,,NaT,False,,,,,,False,False,False,
562,reuniones,,,,,NaT,False,,,,,,False,False,False,
563,reuniones,,,,,NaT,False,,,,,,False,False,False,
564,reuniones,,,,,NaT,False,,,,,,False,False,False,
565,reuniones,,,,,NaT,False,,,,,,False,False,False,
566,reuniones,,,,,NaT,False,,,,,,False,False,False,
567,reuniones,,,,,NaT,False,,,,,,False,False,False,
568,reuniones,,,,,NaT,False,,,,,,False,False,False,
569,reuniones,,,,,NaT,False,,,,,,False,False,False,
570,reuniones,,,,,NaT,False,,,,,,False,False,False,
571,reuniones,,,,,NaT,False,,,,,,False,False,False,
572,reuniones,,,,,NaT,False,,,,,,False,False,False,
573,reuniones,,,,,NaT,False,,,,,,False,False,False,
574,reuniones,,,,,NaT,False,,,,,,False,False,False,
575,reuniones,,,,,NaT,False,,,,,,False,False,False,
576,reuniones,,,,,NaT,False,,,,,,False,False,False,
577,reuniones,,,,,NaT,False,,,,,,False,False,False,
578,reuniones,,,,,NaT,False,,,,,,False,False,False,
579,reuniones,,,,,NaT,False,,,,,,False,False,False,
580,reuniones,,,,,NaT,False,,,,,,False,False,False,
581,reuniones,,,,,NaT,False,,,,,,False,False,False,
582,reuniones,,,,,NaT,False,,,,,,False,False,False,
583,reuniones,,,,,NaT,False,,,,,,False,False,False,
584,reuniones,,,,,NaT,False,,,,,,False,False,False,
585,reuniones,,,,,NaT,False,,,,,,False,False,False,
586,reuniones,,,,,NaT,False,,,,,,False,False,False,
587,reuniones,,,,,NaT,False,,,,,,False,False,False,
588,reuniones,,,,,NaT,False,,,,,,False,False,False,
589,reuniones,,,,,NaT,False,,,,,,False,False,False,
590,reuniones,,,,,NaT,False,,,,,,False,False,False,
591,reuniones,,,,,NaT,False,,,,,,False,False,False,
592,reuniones,,,,,NaT,False,,,,,,False,False,False,
593,reuniones,,,,,NaT,False,,,,,,False,False,False,
594,reuniones,,,,,NaT,False,,,,,,False,False,False,
595,reuniones,,,,,NaT,False,,,,,,False,False,False,
596,reuniones,,,,,NaT,False,,,,,,False,False,False,
597,reuniones,,,,,NaT,False,,,,,,False,False,False,
598,reuniones,,,,,NaT,False,,,,,,False,False,False,
599,reuniones,,,,,NaT,False,,,,,,False,False,False,
600,reuniones,,,,,NaT,False,,,,,,False,False,False,
601,reuniones,,,,,NaT,False,,,,,,False,False,False,
602,reuniones,,,,,NaT,False,,,,,,False,False,False,
603,reuniones,,,,,NaT,False,,,,,,False,False,False,
604,reuniones,,,,,NaT,False,,,,,,False,False,False,
605,reuniones,,,,,NaT,False,,,,,,False,False,False,
606,reuniones,,,,,NaT,False,,,,,,False,False,False,
607,reuniones,,,,,NaT,False,,,,,,False,False,False,
608,reuniones,,,,,NaT,False,,,,,,False,False,False,
609,reuniones,,,,,NaT,False,,,,,,False,False,False,
610,reuniones,,,,,NaT,False,,,,,,False,False,False,
611,reuniones,,,,,NaT,False,,,,,,False,False,False,
612,reuniones,,,,,NaT,False,,,,,,False,False,False,
613,reuniones,,,,,NaT,False,,,,,,False,False,False,
614,reuniones,,,,,NaT,False,,,,,,False,False,False,
615,reuniones,,,,,NaT,False,,,,,,False,False,False,
616,reuniones,,,,,NaT,False,,,,,,False,False,False,
617,reuniones,,,,,NaT,False,,,,,,False,False,False,
618,reuniones,,,,,NaT,False,,,,,,False,False,False,
619,reuniones,,,,,NaT,False,,,,,,False,False,False,
620,reuniones,,,,,NaT,False,,,,,,False,False,False,
621,reuniones,,,,,NaT,False,,,,,,False,False,False,
622,reuniones,,,,,NaT,False,,,,,,False,False,False,
623,reuniones,,,,,NaT,False,,,,,,False,False,False,
624,reuniones,,,,,NaT,False,,,,,,False,False,False,
625,reuniones,,,,,NaT,False,,,,,,False,False,False,
626,reuniones,,,,,NaT,False,,,,,,False,False,False,
627,reuniones,,,,,NaT,False,,,,,,False,False,False,
628,reuniones,,,,,NaT,False,,,,,,False,False,False,
629,reuniones,,,,,NaT,False,,,,,,False,False,False,
630,reuniones,,,,,NaT,False,,,,,,False,False,False,
631,reuniones,,,,,NaT,False,,,,,,False,False,False,
632,reuniones,,,,,NaT,False,,,,,,False,False,False,
633,reuniones,,,,,NaT,False,,,,,,False,False,False,
634,reuniones,,,,,NaT,False,,,,,,False,False,False,
635,reuniones,,,,,NaT,False,,,,,,False,False,False,
636,reuniones,,,,,NaT,False,,,,,,False,False,False,
637,reuniones,,,,,NaT,False,,,,,,False,False,False,
638,reuniones,,,,,NaT,False,,,,,,False,False,False,
639,reuniones,,,,,NaT,False,,,,,,False,False,False,
640,reuniones,,,,,NaT,False,,,,,,False,False,False,
641,reuniones,,,,,NaT,False,,,,,,False,False,False,
642,reuniones,,,,,NaT,False,,,,,,False,False,False,
643,reuniones,,,,,NaT,False,,,,,,False,False,False,
644,reuniones,,,,,NaT,False,,,,,,False,False,False,
645,reuniones,,,,,NaT,False,,,,,,False,False,False,
646,reuniones,,,,,NaT,False,,,,,,False,False,False,
647,reuniones,,,,,NaT,False,,,,,,False,False,False,
648,reuniones,,,,,NaT,False,,,,,,False,False,False,
649,reuniones,,,,,NaT,False,,,,,,False,False,False,
650,reuniones,,,,,NaT,False,,,,,,False,False,False,
651,reuniones,,,,,NaT,False,,,,,,False,False,False,
652,reuniones,,,,,NaT,False,,,,,,False,False,False,
653,reuniones,,,,,NaT,False,,,,,,False,False,False,
654,reuniones,,,,,NaT,False,,,,,,False,False,False,
655,reuniones,,,,,NaT,False,,,,,,False,False,False,
656,reuniones,,,,,NaT,False,,,,,,False,False,False,
657,reuniones,,,,,NaT,False,,,,,,False,False,False,
658,reuniones,,,,,NaT,False,,,,,,False,False,False,
659,reuniones,,,,,NaT,False,,,,,,False,False,False,
660,reuniones,,,,,NaT,False,,,,,,False,False,False,
661,reuniones,,,,,NaT,False,,,,,,False,False,False,
662,reuniones,,,,,NaT,False,,,,,,False,False,False,
663,reuniones,,,,,NaT,False,,,,,,False,False,False,
664,reuniones,,,,,NaT,False,,,,,,False,False,False,
665,reuniones,,,,,NaT,False,,,,,,False,False,False,
666,reuniones,,,,,NaT,False,,,,,,False,False,False,
667,reuniones,,,,,NaT,False,,,,,,False,False,False,
668,reuniones,,,,,NaT,False,,,,,,False,False,False,
669,reuniones,,,,,NaT,False,,,,,,False,False,False,
670,reuniones,,,,,NaT,False,,,,,,False,False,False,
671,reuniones,,,,,NaT,False,,,,,,False,False,False,
672,reuniones,,,,,NaT,False,,,,,,False,False,False,
673,reuniones,,,,,NaT,False,,,,,,False,False,False,
674,reuniones,,,,,NaT,False,,,,,,False,False,False,
675,reuniones,,,,,NaT,False,,,,,,False,False,False,
676,reuniones,,,,,NaT,False,,,,,,False,False,False,
677,reuniones,,,,,NaT,False,,,,,,False,False,False,
678,reuniones,,,,,NaT,False,,,,,,False,False,False,
679,reuniones,,,,,NaT,False,,,,,,False,False,False,
680,reuniones,,,,,NaT,False,,,,,,False,False,False,
681,reuniones,,,,,NaT,False,,,,,,False,False,False,
682,reuniones,,,,,NaT,False,,,,,,False,False,False,
683,reuniones,,,,,NaT,False,,,,,,False,False,False,
684,reuniones,,,,,NaT,False,,,,,,False,False,False,
685,reuniones,,,,,NaT,False,,,,,,False,False,False,
686,reuniones,,,,,NaT,False,,,,,,False,False,False,
687,reuniones,,,,,NaT,False,,,,,,False,False,False,
688,reuniones,,,,,NaT,False,,,,,,False,False,False,
689,reuniones,,,,,NaT,False,,,,,,False,False,False,
690,reuniones,,,,,NaT,False,,,,,,False,False,False,
691,reuniones,,,,,NaT,False,,,,,,False,False,False,
692,reuniones,,,,,NaT,False,,,,,,False,False,False,
693,reuniones,,,,,NaT,False,,,,,,False,False,False,
694,reuniones,,,,,NaT,False,,,,,,False,False,False,
695,reuniones,,,,,NaT,False,,,,,,False,False,False,
696,reuniones,,,,,NaT,False,,,,,,False,False,False,
697,reuniones,,,,,NaT,False,,,,,,False,False,False,
698,reuniones,,,,,NaT,False,,,,,,False,False,False,
699,reuniones,,,,,NaT,False,,,,,,False,False,False,
700,reuniones,,,,,NaT,False,,,,,,False,False,False,
701,reuniones,,,,,NaT,False,,,,,,False,False,False,
702,reuniones,,,,,NaT,False,,,,,,False,False,False,
703,reuniones,,,,,NaT,False,,,,,,False,False,False,
704,reuniones,,,,,NaT,False,,,,,,False,False,False,
705,reuniones,,,,,NaT,False,,,,,,False,False,False,
706,reuniones,,,,,NaT,False,,,,,,False,False,False,
707,reuniones,,,,,NaT,False,,,,,,False,False,False,
